大分類コード,中分類コード,小分類コード,細分類コード,項目名
A,00,000,0000,農業，林業
A,01,000,0000,農業
A,01,010,0000,管理，補助的経済活動を行う事業所（01農業）
A,01,010,0100,主として管理事務を行う本社等
A,01,010,0109,その他の管理，補助的経済活動を行う事業所
A,01,011,0000,耕種農業
A,01,011,0111,米作農業
A,01,011,0112,米作以外の穀作農業
A,01,011,0113,野菜作農業（きのこ類の栽培を含む）
A,01,011,0114,果樹作農業
A,01,011,0115,花き作農業
A,01,011,0116,工芸農作物農業
A,01,011,0117,ばれいしょ・かんしょ作農業
A,01,011,0119,その他の耕種農業
A,01,012,0000,畜産農業
A,01,012,0121,酪農業
A,01,012,0122,肉用牛生産業
A,01,012,0123,養豚業
A,01,012,0124,養鶏業
A,01,012,0125,畜産類似業
A,01,012,0126,養蚕農業
A,01,012,0129,その他の畜産農業
A,01,013,0000,農業サービス業（園芸サービス業を除く）
A,01,013,0131,穀作サービス業
A,01,013,0132,野菜作・果樹作サービス業
A,01,013,0133,穀作，野菜作・果樹作以外の耕種サービス業
A,01,013,0134,畜産サービス業（獣医業を除く）
A,01,014,0000,園芸サービス業
A,01,014,0141,園芸サービス業
A,02,000,0000,林業
A,02,020,0000,管理，補助的経済活動を行う事業所（02林業）
A,02,020,0200,主として管理事務を行う本社等
A,02,020,0209,その他の管理，補助的経済活動を行う事業所
A,02,021,0000,育林業
A,02,021,0211,育林業
A,02,022,0000,素材生産業
A,02,022,0221,素材生産業
A,02,023,0000,特用林産物生産業（きのこ類の栽培を除く）
A,02,023,0231,製薪炭業
A,02,023,0239,その他の特用林産物生産業（きのこ類の栽培を除く）
A,02,024,0000,林業サービス業
A,02,024,0241,育林サービス業
A,02,024,0242,素材生産サービス業
A,02,024,0243,山林種苗生産サービス業
A,02,024,0249,その他の林業サービス業
A,02,029,0000,その他の林業
A,02,029,0299,その他の林業
B,00,000,0000,漁業
B,03,000,0000,漁業（水産養殖業を除く）
B,03,030,0000,管理，補助的経済活動を行う事業所（03漁業）
B,03,030,0300,主として管理事務を行う本社等
B,03,030,0309,その他の管理，補助的経済活動を行う事業所
B,03,031,0000,海面漁業
B,03,031,0311,底びき網漁業
B,03,031,0312,まき網漁業
B,03,031,0313,刺網漁業
B,03,031,0314,釣・はえ縄漁業
B,03,031,0315,定置網漁業
B,03,031,0316,地びき網・船びき網漁業
B,03,031,0317,採貝・採藻業
B,03,031,0318,捕鯨業
B,03,031,0319,その他の海面漁業
B,03,032,0000,内水面漁業
B,03,032,0321,内水面漁業
B,04,000,0000,水産養殖業
B,04,040,0000,管理，補助的経済活動を行う事業所（04水産養殖業）
B,04,040,0400,主として管理事務を行う本社等
B,04,040,0409,その他の管理，補助的経済活動を行う事業所
B,04,041,0000,海面養殖業
B,04,041,0411,魚類養殖業
B,04,041,0412,貝類養殖業
B,04,041,0413,藻類養殖業
B,04,041,0414,真珠養殖業
B,04,041,0415,種苗養殖業
B,04,041,0419,その他の海面養殖業
B,04,042,0000,内水面養殖業
B,04,042,0421,内水面養殖業
C,00,000,0000,鉱業，採石業，砂利採取業
C,05,000,0000,鉱業，採石業，砂利採取業
C,05,050,0000,管理，補助的経済活動を行う事業所（05鉱業，採石業，砂利採取業）
C,05,050,0500,主として管理事務を行う本社等
C,05,050,0509,その他の管理，補助的経済活動を行う事業所
C,05,051,0000,金属鉱業
C,05,051,0511,金・銀鉱業
C,05,051,0512,鉛・亜鉛鉱業
C,05,051,0513,鉄鉱業
C,05,051,0519,その他の金属鉱業
C,05,052,0000,石炭・亜炭鉱業
C,05,052,0521,石炭鉱業（石炭選別業を含む）
C,05,052,0522,亜炭鉱業
C,05,053,0000,原油・天然ガス鉱業
C,05,053,0531,原油鉱業
C,05,053,0532,天然ガス鉱業
C,05,054,0000,採石業，砂・砂利・玉石採取業
C,05,054,0541,花こう岩・同類似岩石採石業
C,05,054,0542,石英粗面岩・同類似岩石採石業
C,05,054,0543,安山岩・同類似岩石採石業
C,05,054,0544,大理石採石業
C,05,054,0545,ぎょう灰岩採石業
C,05,054,0546,砂岩採石業
C,05,054,0547,粘板岩採石業
C,05,054,0548,砂・砂利・玉石採取業
C,05,054,0549,その他の採石業，砂・砂利・玉石採取業
C,05,055,0000,窯業原料用鉱物鉱業（耐火物・陶磁器・ガラス・セメント原料用に限る）
C,05,055,0551,耐火粘土鉱業
C,05,055,0552,ろう石鉱業
C,05,055,0553,ドロマイト鉱業
C,05,055,0554,長石鉱業
C,05,055,0555,けい石鉱業
C,05,055,0556,天然けい砂鉱業
C,05,055,0557,石灰石鉱業
C,05,055,0559,その他の窯業原料用鉱物鉱業
C,05,059,0000,その他の鉱業
C,05,059,0591,酸性白土鉱業
C,05,059,0592,ベントナイト鉱業
C,05,059,0593,けいそう土鉱業
C,05,059,0594,滑石鉱業
C,05,059,0599,他に分類されない鉱業
D,00,000,0000,建設業
D,06,000,0000,総合工事業
D,06,060,0000,管理，補助的経済活動を行う事業所（06総合工事業）
D,06,060,0600,主として管理事務を行う本社等
D,06,060,0609,その他の管理，補助的経済活動を行う事業所
D,06,061,0000,一般土木建築工事業
D,06,061,0611,一般土木建築工事業
D,06,062,0000,土木工事業（舗装工事業を除く）
D,06,062,0621,土木工事業(別掲を除く)
D,06,062,0622,造園工事業
D,06,062,0623,しゅんせつ工事業
D,06,063,0000,舗装工事業
D,06,063,0631,舗装工事業
D,06,064,0000,建築工事業(木造建築工事業を除く)
D,06,064,0641,建築工事業(木造建築工事業を除く)
D,06,065,0000,木造建築工事業
D,06,065,0651,木造建築工事業
D,06,066,0000,建築リフォーム工事業
D,06,066,0661,建築リフォーム工事業
D,07,000,0000,職別工事業(設備工事業を除く)
D,07,070,0000,管理，補助的経済活動を行う事業所（07職別工事業）
D,07,070,0700,主として管理事務を行う本社等
D,07,070,0709,その他の管理，補助的経済活動を行う事業所
D,07,071,0000,大工工事業
D,07,071,0711,大工工事業(型枠大工工事業を除く)
D,07,071,0712,型枠大工工事業
D,07,072,0000,とび・土工・コンクリート工事業
D,07,072,0721,とび工事業
D,07,072,0722,土工・コンクリート工事業
D,07,072,0723,特殊コンクリート工事業
D,07,073,0000,鉄骨・鉄筋工事業
D,07,073,0731,鉄骨工事業
D,07,073,0732,鉄筋工事業
D,07,074,0000,石工・れんが・タイル・ブロック工事業
D,07,074,0741,石工工事業
D,07,074,0742,れんが工事業
D,07,074,0743,タイル工事業
D,07,074,0744,コンクリートブロック工事業
D,07,075,0000,左官工事業
D,07,075,0751,左官工事業
D,07,076,0000,板金・金物工事業
D,07,076,0761,金属製屋根工事業
D,07,076,0762,板金工事業
D,07,076,0763,建築金物工事業
D,07,077,0000,塗装工事業
D,07,077,0771,塗装工事業（道路標示・区画線工事業を除く）
D,07,077,0772,道路標示・区画線工事業
D,07,078,0000,床・内装工事業
D,07,078,0781,床工事業
D,07,078,0782,内装工事業
D,07,079,0000,その他の職別工事業
D,07,079,0791,ガラス工事業
D,07,079,0792,金属製建具工事業
D,07,079,0793,木製建具工事業
D,07,079,0794,屋根工事業（金属製屋根工事業を除く）
D,07,079,0795,防水工事業
D,07,079,0796,はつり・解体工事業
D,07,079,0799,他に分類されない職別工事業
D,08,000,0000,設備工事業
D,08,080,0000,管理，補助的経済活動を行う事業所（08設備工事業）
D,08,080,0800,主として管理事務を行う本社等
D,08,080,0809,その他の管理，補助的経済活動を行う事業所
D,08,081,0000,電気工事業
D,08,081,0811,一般電気工事業
D,08,081,0812,電気配線工事業
D,08,082,0000,電気通信・信号装置工事業
D,08,082,0821,電気通信工事業（有線テレビジョン放送設備設置工事業を除く）
D,08,082,0822,有線テレビジョン放送設備設置工事業
D,08,082,0823,信号装置工事業
D,08,083,0000,管工事業（さく井工事業を除く）
D,08,083,0831,一般管工事業
D,08,083,0832,冷暖房設備工事業
D,08,083,0833,給排水・衛生設備工事業
D,08,083,0839,その他の管工事業
D,08,084,0000,機械器具設置工事業
D,08,084,0841,機械器具設置工事業（昇降設備工事業を除く）
D,08,084,0842,昇降設備工事業
D,08,089,0000,その他の設備工事業
D,08,089,0891,築炉工事業
D,08,089,0892,熱絶縁工事業
D,08,089,0893,道路標識設置工事業
D,08,089,0894,さく井工事業
E,00,000,0000,製造業
E,09,000,0000,食料品製造業
E,09,090,0000,管理，補助的経済活動を行う事業所（09食料品製造業）
E,09,090,0900,主として管理事務を行う本社等
E,09,090,0909,その他の管理，補助的経済活動を行う事業所
E,09,091,0000,畜産食料品製造業
E,09,091,0911,部分肉・冷凍肉製造業
E,09,091,0912,肉加工品製造業
E,09,091,0913,処理牛乳・乳飲料製造業
E,09,091,0914,乳製品製造業（処理牛乳，乳飲料を除く）
E,09,091,0919,その他の畜産食料品製造業
E,09,092,0000,水産食料品製造業
E,09,092,0921,水産缶詰・瓶詰製造業
E,09,092,0922,海藻加工業
E,09,092,0923,水産練製品製造業
E,09,092,0924,塩干・塩蔵品製造業
E,09,092,0925,冷凍水産物製造業
E,09,092,0926,冷凍水産食品製造業
E,09,092,0929,その他の水産食料品製造業
E,09,093,0000,野菜缶詰・果実缶詰・農産保存食料品製造業
E,09,093,0931,野菜缶詰・果実缶詰・農産保存食料品製造業（野菜漬物を除く）
E,09,093,0932,野菜漬物製造業（缶詰，瓶詰，つぼ詰を除く）
E,09,094,0000,調味料製造業
E,09,094,0941,味そ製造業
E,09,094,0942,しょう油・食用アミノ酸製造業
E,09,094,0943,ソース製造業
E,09,094,0944,食酢製造業
E,09,094,0949,その他の調味料製造業
E,09,095,0000,糖類製造業
E,09,095,0951,砂糖製造業（砂糖精製業を除く）
E,09,095,0952,砂糖精製業
E,09,095,0953,ぶどう糖・水あめ・異性化糖製造業
E,09,096,0000,精穀・製粉業
E,09,096,0961,精米・精麦業
E,09,096,0962,小麦粉製造業
E,09,096,0969,その他の精穀・製粉業
E,09,097,0000,パン・菓子製造業
E,09,097,0971,パン製造業
E,09,097,0972,生菓子製造業
E,09,097,0973,ビスケット類・干菓子製造業
E,09,097,0974,米菓製造業
E,09,097,0979,その他のパン・菓子製造業
E,09,098,0000,動植物油脂製造業
E,09,098,0981,動植物油脂製造業（食用油脂加工業を除く）
E,09,098,0982,食用油脂加工業
E,09,099,0000,その他の食料品製造業
E,09,099,0991,でんぷん製造業
E,09,099,0992,めん類製造業
E,09,099,0993,豆腐・油揚製造業
E,09,099,0994,あん類製造業
E,09,099,0995,冷凍調理食品製造業
E,09,099,0996,そう（惣）菜製造業
E,09,099,0997,すし・弁当・調理パン製造業
E,09,099,0998,レトルト食品製造業
E,09,099,0999,他に分類されない食料品製造業
E,10,000,0000,飲料・たばこ・飼料製造業
E,10,100,0000,管理，補助的経済活動を行う事業所（10飲料・たばこ・飼料製造業）
E,10,100,1000,主として管理事務を行う本社等
E,10,100,1009,その他の管理，補助的経済活動を行う事業所
E,10,101,0000,清涼飲料製造業
E,10,101,1011,清涼飲料製造業
E,10,102,0000,酒類製造業
E,10,102,1021,果実酒製造業
E,10,102,1022,ビール類製造業
E,10,102,1023,清酒製造業
E,10,102,1024,蒸留酒・混成酒製造業
E,10,103,0000,茶・コーヒー製造業（清涼飲料を除く）
E,10,103,1031,製茶業
E,10,103,1032,コーヒー製造業
E,10,104,0000,製氷業
E,10,104,1041,製氷業
E,10,105,0000,たばこ製造業
E,10,105,1051,たばこ製造業（葉たばこ処理業を除く)
E,10,105,1052,葉たばこ処理業
E,10,106,0000,飼料・有機質肥料製造業
E,10,106,1061,配合飼料製造業
E,10,106,1062,単体飼料製造業
E,10,106,1063,有機質肥料製造業
E,11,000,0000,繊維工業
E,11,110,0000,管理，補助的経済活動を行う事業所（11繊維工業）
E,11,110,1100,主として管理事務を行う本社等
E,11,110,1109,その他の管理，補助的経済活動を行う事業所
E,11,111,0000,製糸業，紡績業，化学繊維・ねん糸等製造業
E,11,111,1111,製糸業
E,11,111,1112,化学繊維製造業
E,11,111,1113,炭素繊維製造業
E,11,111,1114,綿紡績業
E,11,111,1115,化学繊維紡績業
E,11,111,1116,毛紡績業
E,11,111,1117,ねん糸製造業（かさ高加工糸を除く）
E,11,111,1118,かさ高加工糸製造業
E,11,111,1119,その他の紡績業
E,11,112,0000,織物業
E,11,112,1121,綿・スフ織物業
E,11,112,1122,絹・人絹織物業
E,11,112,1123,毛織物業
E,11,112,1124,麻織物業
E,11,112,1125,細幅織物業
E,11,112,1129,その他の織物業
E,11,113,0000,ニット生地製造業
E,11,113,1131,丸編ニット生地製造業
E,11,113,1132,たて編ニット生地製造業
E,11,113,1133,横編ニット生地製造業
E,11,114,0000,染色整理業
E,11,114,1141,綿・スフ・麻織物機械染色業
E,11,114,1142,絹・人絹織物機械染色業
E,11,114,1143,毛織物機械染色整理業
E,11,114,1144,織物整理業
E,11,114,1145,織物手加工染色整理業
E,11,114,1146,綿状繊維・糸染色整理業
E,11,114,1147,ニット・レース染色整理業
E,11,114,1148,繊維雑品染色整理業
E,11,115,0000,綱・網・レース・繊維粗製品製造業
E,11,115,1151,綱製造業
E,11,115,1152,漁網製造業
E,11,115,1153,網地製造業（漁網を除く）
E,11,115,1154,レース製造業
E,11,115,1155,組ひも製造業
E,11,115,1156,整毛業
E,11,115,1157,フェルト・不織布製造業
E,11,115,1158,上塗りした織物・防水した織物製造業
E,11,115,1159,その他の繊維粗製品製造業
E,11,116,0000,外衣・シャツ製造業（和式を除く）
E,11,116,1161,織物製成人男子・少年服製造業（不織布製及びレース製を含む）
E,11,116,1162,織物製成人女子・少女服製造業（不織布製及びレース製を含む）
E,11,116,1163,織物製乳幼児服製造業（不織布製及びレース製を含む）
E,11,116,1164,織物製シャツ製造業（不織布製及びレース製を含み、下着を除く）
E,11,116,1165,織物製事務用・作業用・衛生用・スポーツ用衣服・学校服製造業（不織布製及びレース製を含む）
E,11,116,1166,ニット製外衣製造業（アウターシャツ類，セーター類などを除く）
E,11,116,1167,ニット製アウターシャツ類製造業
E,11,116,1168,セーター類製造業
E,11,116,1169,その他の外衣・シャツ製造業
E,11,117,0000,下着類製造業
E,11,117,1171,織物製下着製造業
E,11,117,1172,ニット製下着製造業
E,11,117,1173,織物製・ニット製寝着類製造業
E,11,117,1174,補整着製造業
E,11,118,0000,和装製品・その他の衣服・繊維製身の回り品製造業
E,11,118,1181,和装製品製造業（足袋を含む）
E,11,118,1182,ネクタイ製造業
E,11,118,1183,スカーフ・マフラー・ハンカチーフ製造業
E,11,118,1184,靴下製造業
E,11,118,1185,手袋製造業
E,11,118,1186,帽子製造業（帽体を含む）
E,11,118,1189,他に分類されない衣服・繊維製身の回り品製造業
E,11,119,0000,その他の繊維製品製造業
E,11,119,1191,寝具製造業
E,11,119,1192,毛布製造業
E,11,119,1193,じゅうたん・その他の繊維製床敷物製造業
E,11,119,1194,帆布製品製造業
E,11,119,1195,繊維製袋製造業
E,11,119,1196,刺しゅう業
E,11,119,1197,タオル製造業
E,11,119,1198,繊維製衛生材料製造業
E,11,119,1199,他に分類されない繊維製品製造業
E,12,000,0000,木材・木製品製造業（家具を除く）
E,12,120,0000,管理，補助的経済活動を行う事業所（12木材・木製品製造業）
E,12,120,1200,主として管理事務を行う本社等
E,12,120,1209,その他の管理，補助的経済活動を行う事業所
E,12,121,0000,製材業，木製品製造業
E,12,121,1211,一般製材業
E,12,121,1212,単板（ベニヤ）製造業
E,12,121,1213,木材チップ製造業
E,12,121,1219,その他の特殊製材業
E,12,122,0000,造作材・合板・建築用組立材料製造業
E,12,122,1221,造作材製造業（建具を除く）
E,12,122,1222,合板製造業
E,12,122,1223,集成材製造業
E,12,122,1224,建築用木製組立材料製造業
E,12,122,1225,パーティクルボード製造業
E,12,122,1226,繊維板製造業
E,12,122,1227,銘木製造業
E,12,122,1228,床板製造業
E,12,123,0000,木製容器製造業（竹，とうを含む）
E,12,123,1231,竹・とう・きりゅう等容器製造業
E,12,123,1232,木箱製造業
E,12,123,1233,たる・おけ製造業
E,12,129,0000,その他の木製品製造業(竹，とうを含む)
E,12,129,1291,木材薬品処理業
E,12,129,1292,コルク加工基礎資材・コルク製品製造業
E,12,129,1299,他に分類されない木製品製造業(竹，とうを含む)
E,13,000,0000,家具・装備品製造業
E,13,130,0000,管理，補助的経済活動を行う事業所（13家具・装備品製造業）
E,13,130,1300,主として管理事務を行う本社等
E,13,130,1309,その他の管理，補助的経済活動を行う事業所
E,13,131,0000,家具製造業
E,13,131,1311,木製家具製造業（漆塗りを除く）
E,13,131,1312,金属製家具製造業
E,13,131,1313,マットレス・組スプリング製造業
E,13,132,0000,宗教用具製造業
E,13,132,1321,宗教用具製造業
E,13,133,0000,建具製造業
E,13,133,1331,建具製造業
E,13,139,0000,その他の家具・装備品製造業
E,13,139,1391,事務所用・店舗用装備品製造業
E,13,139,1392,窓用・扉用日よけ，日本びょうぶ等製造業
E,13,139,1393,鏡縁・額縁製造業
E,13,139,1399,他に分類されない家具・装備品製造業
E,14,000,0000,パルプ・紙・紙加工品製造業
E,14,140,0000,管理，補助的経済活動を行う事業所（14パルプ・紙・紙加工品製造業）
E,14,140,1400,主として管理事務を行う本社等
E,14,140,1409,その他の管理，補助的経済活動を行う事業所
E,14,141,0000,パルプ製造業
E,14,141,1411,パルプ製造業
E,14,142,0000,紙製造業
E,14,142,1421,洋紙製造業
E,14,142,1422,板紙製造業
E,14,142,1423,機械すき和紙製造業
E,14,142,1424,手すき和紙製造業
E,14,143,0000,加工紙製造業
E,14,143,1431,塗工紙製造業（印刷用紙を除く）
E,14,143,1432,段ボール製造業
E,14,143,1433,壁紙・ふすま紙製造業
E,14,144,0000,紙製品製造業
E,14,144,1441,事務用・学用紙製品製造業
E,14,144,1442,日用紙製品製造業
E,14,144,1449,その他の紙製品製造業
E,14,145,0000,紙製容器製造業
E,14,145,1451,重包装紙袋製造業
E,14,145,1452,角底紙袋製造業
E,14,145,1453,段ボール箱製造業
E,14,145,1454,紙器製造業
E,14,149,0000,その他のパルプ・紙・紙加工品製造業
E,14,149,1499,その他のパルプ・紙・紙加工品製造業
E,15,000,0000,印刷・同関連業
E,15,150,0000,管理，補助的経済活動を行う事業所（15印刷・同関連業）
E,15,150,1500,主として管理事務を行う本社等
E,15,150,1509,その他の管理，補助的経済活動を行う事業所
E,15,151,0000,印刷業
E,15,151,1511,オフセット印刷業（紙に対するもの）
E,15,151,1512,オフセット印刷以外の印刷業（紙に対するもの）
E,15,151,1513,紙以外の印刷業
E,15,152,0000,製版業
E,15,152,1521,製版業
E,15,153,0000,製本業，印刷物加工業
E,15,153,1531,製本業
E,15,153,1532,印刷物加工業
E,15,159,0000,印刷関連サービス業
E,15,159,1591,印刷関連サービス業
E,16,000,0000,化学工業
E,16,160,0000,管理，補助的経済活動を行う事業所（16化学工業）
E,16,160,1600,主として管理事務を行う本社等
E,16,160,1609,その他の管理，補助的経済活動を行う事業所
E,16,161,0000,化学肥料製造業
E,16,161,1611,窒素質・りん酸質肥料製造業
E,16,161,1612,複合肥料製造業
E,16,161,1619,その他の化学肥料製造業
E,16,162,0000,無機化学工業製品製造業
E,16,162,1621,ソーダ工業
E,16,162,1622,無機顔料製造業
E,16,162,1623,圧縮ガス・液化ガス製造業
E,16,162,1624,塩製造業
E,16,162,1629,その他の無機化学工業製品製造業
E,16,163,0000,有機化学工業製品製造業
E,16,163,1631,石油化学系基礎製品製造業（一貫して生産される誘導品を含む）
E,16,163,1632,脂肪族系中間物製造業（脂肪族系溶剤を含む）
E,16,163,1633,発酵工業
E,16,163,1634,環式中間物・合成染料・有機顔料製造業
E,16,163,1635,プラスチック製造業
E,16,163,1636,合成ゴム製造業
E,16,163,1639,その他の有機化学工業製品製造業
E,16,164,0000,油脂加工製品・石けん・合成洗剤・界面活性剤・塗料製造業
E,16,164,1641,脂肪酸・硬化油・グリセリン製造業
E,16,164,1642,石けん・合成洗剤製造業
E,16,164,1643,界面活性剤製造業（石けん，合成洗剤を除く）
E,16,164,1644,塗料製造業
E,16,164,1645,印刷インキ製造業
E,16,164,1646,洗浄剤・磨用剤製造業
E,16,164,1647,ろうそく製造業
E,16,165,0000,医薬品製造業
E,16,165,1651,医薬品原薬製造業
E,16,165,1652,医薬品製剤製造業
E,16,165,1653,生物学的製剤製造業
E,16,165,1654,生薬・漢方製剤製造業
E,16,165,1655,動物用医薬品製造業
E,16,166,0000,化粧品・歯磨・その他の化粧用調整品製造業
E,16,166,1661,仕上用・皮膚用化粧品製造業（香水，オーデコロンを含む）
E,16,166,1662,頭髪用化粧品製造業
E,16,166,1669,その他の化粧品・歯磨・化粧用調整品製造業
E,16,169,0000,その他の化学工業
E,16,169,1691,火薬類製造業
E,16,169,1692,農薬製造業
E,16,169,1693,香料製造業
E,16,169,1694,ゼラチン・接着剤製造業
E,16,169,1695,写真感光材料製造業
E,16,169,1696,天然樹脂製品・木材化学製品製造業
E,16,169,1697,試薬製造業
E,16,169,1699,他に分類されない化学工業製品製造業
E,17,000,0000,石油製品・石炭製品製造業
E,17,170,0000,管理，補助的経済活動を行う事業所（17石油製品・石炭製品製造業）
E,17,170,1700,主として管理事務を行う本社等
E,17,170,1709,その他の管理，補助的経済活動を行う事業所
E,17,171,0000,石油精製業
E,17,171,1711,石油精製業
E,17,172,0000,潤滑油・グリース製造業（石油精製業によらないもの）
E,17,172,1721,潤滑油・グリース製造業（石油精製業によらないもの）
E,17,173,0000,コークス製造業
E,17,173,1731,コークス製造業
E,17,174,0000,舗装材料製造業
E,17,174,1741,舗装材料製造業
E,17,179,0000,その他の石油製品・石炭製品製造業
E,17,179,1799,その他の石油製品・石炭製品製造業
E,18,000,0000,プラスチック製品製造業（別掲を除く）
E,18,180,0000,管理，補助的経済活動を行う事業所（18プラスチック製品製造業）
E,18,180,1800,主として管理事務を行う本社等
E,18,180,1809,その他の管理，補助的経済活動を行う事業所
E,18,181,0000,プラスチック板・棒・管・継手・異形押出製品製造業
E,18,181,1811,プラスチック板・棒製造業
E,18,181,1812,プラスチック管製造業
E,18,181,1813,プラスチック継手製造業
E,18,181,1814,プラスチック異形押出製品製造業
E,18,181,1815,プラスチック板・棒・管・継手・異形押出製品加工業
E,18,182,0000,プラスチックフィルム・シート・床材・合成皮革製造業
E,18,182,1821,プラスチックフィルム製造業
E,18,182,1822,プラスチックシート製造業
E,18,182,1823,プラスチック床材製造業
E,18,182,1824,合成皮革製造業
E,18,182,1825,プラスチックフィルム・シート・床材・合成皮革加工業
E,18,183,0000,工業用プラスチック製品製造業
E,18,183,1831,電気機械器具用プラスチック製品製造業（加工業を除く）
E,18,183,1832,輸送機械器具用プラスチック製品製造業（加工業を除く）
E,18,183,1833,その他の工業用プラスチック製品製造業（加工業を除く）
E,18,183,1834,工業用プラスチック製品加工業
E,18,184,0000,発泡・強化プラスチック製品製造業
E,18,184,1841,軟質プラスチック発泡製品製造業（半硬質性を含む）
E,18,184,1842,硬質プラスチック発泡製品製造業
E,18,184,1843,強化プラスチック製板・棒・管・継手製造業
E,18,184,1844,強化プラスチック製容器・浴槽等製造業
E,18,184,1845,発泡・強化プラスチック製品加工業
E,18,185,0000,プラスチック成形材料製造業（廃プラスチックを含む）
E,18,185,1851,プラスチック成形材料製造業
E,18,185,1852,廃プラスチック製品製造業
E,18,189,0000,その他のプラスチック製品製造業
E,18,189,1891,プラスチック製日用雑貨・食卓用品製造業
E,18,189,1892,プラスチック製容器製造業
E,18,189,1897,他に分類されないプラスチック製品製造業
E,18,189,1898,他に分類されないプラスチック製品加工業
E,19,000,0000,ゴム製品製造業
E,19,190,0000,管理，補助的経済活動を行う事業所（19ゴム製品製造業）
E,19,190,1900,主として管理事務を行う本社等
E,19,190,1909,その他の管理，補助的経済活動を行う事業所
E,19,191,0000,タイヤ・チューブ製造業
E,19,191,1911,自動車タイヤ・チューブ製造業
E,19,191,1919,その他のタイヤ・チューブ製造業
E,19,192,0000,ゴム製・プラスチック製履物・同附属品製造業
E,19,192,1921,ゴム製履物・同附属品製造業
E,19,192,1922,プラスチック製履物・同附属品製造業
E,19,193,0000,ゴムベルト・ゴムホース・工業用ゴム製品製造業
E,19,193,1931,ゴムベルト製造業
E,19,193,1932,ゴムホース製造業
E,19,193,1933,工業用ゴム製品製造業
E,19,199,0000,その他のゴム製品製造業
E,19,199,1991,ゴム引布・同製品製造業
E,19,199,1992,医療・衛生用ゴム製品製造業
E,19,199,1993,ゴム練生地製造業
E,19,199,1994,更生タイヤ製造業
E,19,199,1995,再生ゴム製造業
E,19,199,1999,他に分類されないゴム製品製造業
E,20,000,0000,なめし革・同製品・毛皮製造業
E,20,200,0000,管理，補助的経済活動を行う事業所（20なめし革・同製品・毛皮製造業）
E,20,200,2000,主として管理事務を行う本社等
E,20,200,2009,その他の管理，補助的経済活動を行う事業所
E,20,201,0000,なめし革製造業
E,20,201,2011,なめし革製造業
E,20,202,0000,工業用革製品製造業（手袋を除く）
E,20,202,2021,工業用革製品製造業（手袋を除く）
E,20,203,0000,革製履物用材料・同附属品製造業
E,20,203,2031,革製履物用材料・同附属品製造業
E,20,204,0000,革製履物製造業
E,20,204,2041,革製履物製造業
E,20,205,0000,革製手袋製造業
E,20,205,2051,革製手袋製造業
E,20,206,0000,かばん製造業
E,20,206,2061,かばん製造業
E,20,207,0000,袋物製造業
E,20,207,2071,袋物製造業（ハンドバッグを除く）
E,20,207,2072,ハンドバッグ製造業
E,20,208,0000,毛皮製造業
E,20,208,2081,毛皮製造業
E,20,209,0000,その他のなめし革製品製造業
E,20,209,2099,その他のなめし革製品製造業
E,21,000,0000,窯業・土石製品製造業
E,21,210,0000,管理，補助的経済活動を行う事業所（21窯業・土石製品製造業）
E,21,210,2100,主として管理事務を行う本社等
E,21,210,2109,その他の管理，補助的経済活動を行う事業所
E,21,211,0000,ガラス・同製品製造業
E,21,211,2111,板ガラス製造業
E,21,211,2112,板ガラス加工業
E,21,211,2113,ガラス製加工素材製造業
E,21,211,2114,ガラス容器製造業
E,21,211,2115,理化学用・医療用ガラス器具製造業
E,21,211,2116,卓上用・ちゅう房用ガラス器具製造業
E,21,211,2117,ガラス繊維・同製品製造業
E,21,211,2119,その他のガラス・同製品製造業
E,21,212,0000,セメント・同製品製造業
E,21,212,2121,セメント製造業
E,21,212,2122,生コンクリート製造業
E,21,212,2123,コンクリート製品製造業
E,21,212,2129,その他のセメント製品製造業
E,21,213,0000,建設用粘土製品製造業（陶磁器製を除く)
E,21,213,2131,粘土かわら製造業
E,21,213,2132,普通れんが製造業
E,21,213,2139,その他の建設用粘土製品製造業
E,21,214,0000,陶磁器・同関連製品製造業
E,21,214,2141,衛生陶器製造業
E,21,214,2142,食卓用・ちゅう房用陶磁器製造業
E,21,214,2143,陶磁器製置物製造業
E,21,214,2144,電気用陶磁器製造業
E,21,214,2145,理化学用・工業用陶磁器製造業
E,21,214,2146,陶磁器製タイル製造業
E,21,214,2147,陶磁器絵付業
E,21,214,2148,陶磁器用はい（坏）土製造業
E,21,214,2149,その他の陶磁器・同関連製品製造業
E,21,215,0000,耐火物製造業
E,21,215,2151,耐火れんが製造業
E,21,215,2152,不定形耐火物製造業
E,21,215,2159,その他の耐火物製造業
E,21,216,0000,炭素・黒鉛製品製造業
E,21,216,2161,炭素質電極製造業
E,21,216,2169,その他の炭素・黒鉛製品製造業
E,21,217,0000,研磨材・同製品製造業
E,21,217,2171,研磨材製造業
E,21,217,2172,研削と石製造業
E,21,217,2173,研磨布紙製造業
E,21,217,2179,その他の研磨材・同製品製造業
E,21,218,0000,骨材・石工品等製造業
E,21,218,2181,砕石製造業
E,21,218,2182,再生骨材製造業
E,21,218,2183,人工骨材製造業
E,21,218,2184,石工品製造業
E,21,218,2185,けいそう土・同製品製造業
E,21,218,2186,鉱物・土石粉砕等処理業
E,21,219,0000,その他の窯業・土石製品製造業
E,21,219,2191,ロックウール・同製品製造業
E,21,219,2192,石こう（膏）製品製造業
E,21,219,2193,石灰製造業
E,21,219,2194,鋳型製造業（中子を含む）
E,21,219,2199,他に分類されない窯業・土石製品製造業
E,22,000,0000,鉄鋼業
E,22,220,0000,管理，補助的経済活動を行う事業所（22鉄鋼業）
E,22,220,2200,主として管理事務を行う本社等
E,22,220,2209,その他の管理，補助的経済活動を行う事業所
E,22,221,0000,製鉄業
E,22,221,2211,高炉による製鉄業
E,22,221,2212,高炉によらない製鉄業
E,22,221,2213,フェロアロイ製造業
E,22,222,0000,製鋼・製鋼圧延業
E,22,222,2221,製鋼・製鋼圧延業
E,22,223,0000,製鋼を行わない鋼材製造業（表面処理鋼材を除く）
E,22,223,2231,熱間圧延業（鋼管，伸鉄を除く）
E,22,223,2232,冷間圧延業（鋼管，伸鉄を除く）
E,22,223,2233,冷間ロール成型形鋼製造業
E,22,223,2234,鋼管製造業
E,22,223,2235,伸鉄業
E,22,223,2236,磨棒鋼製造業
E,22,223,2237,引抜鋼管製造業
E,22,223,2238,伸線業
E,22,223,2239,その他の製鋼を行わない鋼材製造業（表面処理鋼材を除く)
E,22,224,0000,表面処理鋼材製造業
E,22,224,2241,亜鉛鉄板製造業
E,22,224,2249,その他の表面処理鋼材製造業
E,22,225,0000,鉄素形材製造業
E,22,225,2251,銑鉄鋳物製造業（鋳鉄管，可鍛鋳鉄を除く）
E,22,225,2252,可鍛鋳鉄製造業
E,22,225,2253,鋳鋼製造業
E,22,225,2254,鍛工品製造業
E,22,225,2255,鍛鋼製造業
E,22,229,0000,その他の鉄鋼業
E,22,229,2291,鉄鋼シャースリット業
E,22,229,2292,鉄スクラップ加工処理業
E,22,229,2293,鋳鉄管製造業
E,22,229,2299,他に分類されない鉄鋼業
E,23,000,0000,非鉄金属製造業
E,23,230,0000,管理，補助的経済活動を行う事業所（23非鉄金属製造業）
E,23,230,2300,主として管理事務を行う本社等
E,23,230,2309,その他の管理，補助的経済活動を行う事業所
E,23,231,0000,非鉄金属第1次製錬・精製業
E,23,231,2311,銅第1次製錬・精製業
E,23,231,2312,亜鉛第1次製錬・精製業
E,23,231,2319,その他の非鉄金属第1次製錬・精製業
E,23,232,0000,非鉄金属第2次製錬・精製業（非鉄金属合金製造業を含む）
E,23,232,2321,鉛第2次製錬・精製業（鉛合金製造業を含む)
E,23,232,2322,アルミニウム第2次製錬・精製業（アルミニウム合金製造業を含む）
E,23,232,2329,その他の非鉄金属第2次製錬・精製業（非鉄金属合金製造業を含む）
E,23,233,0000,非鉄金属・同合金圧延業（抽伸，押出しを含む）
E,23,233,2331,伸銅品製造業
E,23,233,2332,アルミニウム・同合金圧延業（抽伸，押出しを含む）
E,23,233,2339,その他の非鉄金属・同合金圧延業（抽伸，押出しを含む）
E,23,234,0000,電線・ケーブル製造業
E,23,234,2341,電線・ケーブル製造業（光ファイバケーブルを除く）
E,23,234,2342,光ファイバケーブル製造業（通信複合ケーブルを含む）
E,23,235,0000,非鉄金属素形材製造業
E,23,235,2351,銅・同合金鋳物製造業（ダイカストを除く）
E,23,235,2352,非鉄金属鋳物製造業（銅・同合金鋳物及びダイカストを除く）
E,23,235,2353,アルミニウム・同合金ダイカスト製造業
E,23,235,2354,非鉄金属ダイカスト製造業（アルミニウム・同合金ダイカストを除く）
E,23,235,2355,非鉄金属鍛造品製造業
E,23,239,0000,その他の非鉄金属製造業
E,23,239,2391,核燃料製造業
E,23,239,2399,他に分類されない非鉄金属製造業
E,24,000,0000,金属製品製造業
E,24,240,0000,管理，補助的経済活動を行う事業所（24金属製品製造業）
E,24,240,2400,主として管理事務を行う本社等
E,24,240,2409,その他の管理，補助的経済活動を行う事業所
E,24,241,0000,ブリキ缶・その他のめっき板等製品製造業
E,24,241,2411,ブリキ缶・その他のめっき板等製品製造業
E,24,242,0000,洋食器・刃物・手道具・金物類製造業
E,24,242,2421,洋食器製造業
E,24,242,2422,機械刃物製造業
E,24,242,2423,利器工匠具・手道具製造業（やすり，のこぎり，食卓用刃物を除く）
E,24,242,2424,作業工具製造業
E,24,242,2425,手引のこぎり・のこ刃製造業
E,24,242,2426,農業用器具製造業（農業用機械を除く）
E,24,242,2429,その他の金物類製造業
E,24,243,0000,"暖房・調理等装置,配管工事用附属品製造業"
E,24,243,2431,配管工事用附属品製造業（バルブ，コックを除く）
E,24,243,2432,ガス機器・石油機器製造業
E,24,243,2433,温風・温水暖房装置製造業
E,24,243,2439,その他の暖房・調理装置製造業（電気機械器具，ガス機器，石油機器を除く）
E,24,244,0000,建設用・建築用金属製品製造業（製缶板金業を含む)
E,24,244,2441,鉄骨製造業
E,24,244,2442,建設用金属製品製造業（鉄骨を除く）
E,24,244,2443,金属製サッシ・ドア製造業
E,24,244,2444,鉄骨系プレハブ住宅製造業
E,24,244,2445,建築用金属製品製造業（サッシ，ドア，建築用金物を除く）
E,24,244,2446,製缶板金業
E,24,245,0000,金属素形材製品製造業
E,24,245,2451,アルミニウム・同合金プレス製品製造業
E,24,245,2452,金属プレス製品製造業（アルミニウム・同合金を除く）
E,24,245,2453,粉末や金製品製造業
E,24,246,0000,金属被覆・彫刻業，熱処理業（ほうろう鉄器を除く）
E,24,246,2461,金属製品塗装業
E,24,246,2462,溶融めっき業（表面処理鋼材製造業を除く）
E,24,246,2463,金属彫刻業
E,24,246,2464,電気めっき業（表面処理鋼材製造業を除く）
E,24,246,2465,金属熱処理業
E,24,246,2469,その他の金属表面処理業
E,24,247,0000,金属線製品製造業（ねじ類を除く)
E,24,247,2471,くぎ製造業
E,24,247,2479,その他の金属線製品製造業
E,24,248,0000,ボルト・ナット・リベット・小ねじ・木ねじ等製造業
E,24,248,2481,ボルト・ナット・リベット・小ねじ・木ねじ等製造業
E,24,249,0000,その他の金属製品製造業
E,24,249,2491,金庫製造業
E,24,249,2492,金属製スプリング製造業
E,24,249,2499,他に分類されない金属製品製造業
E,25,000,0000,はん用機械器具製造業
E,25,250,0000,管理，補助的経済活動を行う事業所（25はん用機械器具製造業）
E,25,250,2500,主として管理事務を行う本社等
E,25,250,2509,その他の管理，補助的経済活動を行う事業所
E,25,251,0000,ボイラ・原動機製造業
E,25,251,2511,ボイラ製造業
E,25,251,2512,蒸気機関・タービン・水力タービン製造業（舶用を除く）
E,25,251,2513,はん用内燃機関製造業
E,25,251,2519,その他の原動機製造業
E,25,252,0000,ポンプ・圧縮機器製造業
E,25,252,2521,ポンプ・同装置製造業
E,25,252,2522,空気圧縮機・ガス圧縮機・送風機製造業
E,25,252,2523,油圧・空圧機器製造業
E,25,253,0000,一般産業用機械・装置製造業
E,25,253,2531,動力伝導装置製造業（玉軸受，ころ軸受を除く）
E,25,253,2532,エレベータ・エスカレータ製造業
E,25,253,2533,物流運搬設備製造業
E,25,253,2534,工業窯炉製造業
E,25,253,2535,冷凍機・温湿調整装置製造業
E,25,259,0000,その他のはん用機械・同部分品製造業
E,25,259,2591,消火器具・消火装置製造業
E,25,259,2592,弁・同附属品製造業
E,25,259,2593,パイプ加工・パイプ附属品加工業
E,25,259,2594,玉軸受・ころ軸受製造業
E,25,259,2595,ピストンリング製造業
E,25,259,2596,他に分類されないはん用機械・装置製造業
E,25,259,2599,各種機械・同部分品製造修理業（注文製造・修理）
E,26,000,0000,生産用機械器具製造業
E,26,260,0000,管理，補助的経済活動を行う事業所（26生産用機械器具製造業）
E,26,260,2600,主として管理事務を行う本社等
E,26,260,2609,その他の管理，補助的経済活動を行う事業所
E,26,261,0000,農業用機械製造業（農業用器具を除く）
E,26,261,2611,農業用機械製造業（農業用器具を除く）
E,26,262,0000,建設機械・鉱山機械製造業
E,26,262,2621,建設機械・鉱山機械製造業
E,26,263,0000,繊維機械製造業
E,26,263,2631,化学繊維機械・紡績機械製造業
E,26,263,2632,製織機械・編組機械製造業
E,26,263,2633,染色整理仕上機械製造業
E,26,263,2634,繊維機械部分品・取付具・附属品製造業
E,26,263,2635,縫製機械製造業
E,26,264,0000,生活関連産業用機械製造業
E,26,264,2641,食品機械・同装置製造業
E,26,264,2642,木材加工機械製造業
E,26,264,2643,パルプ装置・製紙機械製造業
E,26,264,2644,印刷・製本・紙工機械製造業
E,26,264,2645,包装・荷造機械製造業
E,26,265,0000,基礎素材産業用機械製造業
E,26,265,2651,鋳造装置製造業
E,26,265,2652,化学機械・同装置製造業
E,26,265,2653,プラスチック加工機械・同附属装置製造業
E,26,266,0000,金属加工機械製造業
E,26,266,2661,金属工作機械製造業
E,26,266,2662,金属加工機械製造業（金属工作機械を除く）
E,26,266,2663,金属工作機械用・金属加工機械用部分品・附属品製造業（機械工具，金型を除く）
E,26,266,2664,機械工具製造業（粉末や金業を除く）
E,26,267,0000,半導体・フラットパネルディスプレイ製造装置製造業
E,26,267,2671,半導体製造装置製造業
E,26,267,2672,フラットパネルディスプレイ製造装置製造業
E,26,269,0000,その他の生産用機械・同部分品製造業
E,26,269,2691,金属用金型・同部分品・附属品製造業
E,26,269,2692,非金属用金型・同部分品・附属品製造業
E,26,269,2693,真空装置・真空機器製造業
E,26,269,2694,ロボット製造業
E,26,269,2699,他に分類されない生産用機械・同部分品製造業
E,27,000,0000,業務用機械器具製造業
E,27,270,0000,管理，補助的経済活動を行う事業所（27業務用機械器具製造業）
E,27,270,2700,主として管理事務を行う本社等
E,27,270,2709,その他の管理，補助的経済活動を行う事業所
E,27,271,0000,事務用機械器具製造業
E,27,271,2711,複写機製造業
E,27,271,2719,その他の事務用機械器具製造業
E,27,272,0000,サービス用・娯楽用機械器具製造業
E,27,272,2721,サービス用機械器具製造業
E,27,272,2722,娯楽用機械製造業
E,27,272,2723,自動販売機製造業
E,27,272,2729,その他のサービス用・娯楽用機械器具製造業
E,27,273,0000,計量器・測定器・分析機器・試験機・測量機械器具・理化学機械器具製造業
E,27,273,2731,体積計製造業
E,27,273,2732,はかり製造業
E,27,273,2733,圧力計・流量計・液面計等製造業
E,27,273,2734,精密測定器製造業
E,27,273,2735,分析機器製造業
E,27,273,2736,試験機製造業
E,27,273,2737,測量機械器具製造業
E,27,273,2738,理化学機械器具製造業
E,27,273,2739,その他の計量器・測定器・分析機器・試験機・測量機械器具・理化学機械器具製造業
E,27,274,0000,医療用機械器具・医療用品製造業
E,27,274,2741,医療用機械器具製造業
E,27,274,2742,歯科用機械器具製造業
E,27,274,2743,医療用品製造業（動物用医療機械器具を含む）
E,27,274,2744,歯科材料製造業
E,27,275,0000,光学機械器具・レンズ製造業
E,27,275,2751,顕微鏡・望遠鏡等製造業
E,27,275,2752,写真機・映画用機械・同附属品製造業
E,27,275,2753,光学機械用レンズ・プリズム製造業
E,27,276,0000,武器製造業
E,27,276,2761,武器製造業
E,28,000,0000,電子部品・デバイス・電子回路製造業
E,28,280,0000,管理，補助的経済活動を行う事業所（28電子部品・デバイス・電子回路製造業）
E,28,280,2800,主として管理事務を行う本社等
E,28,280,2809,その他の管理，補助的経済活動を行う事業所
E,28,281,0000,電子デバイス製造業
E,28,281,2811,電子管製造業
E,28,281,2812,光電変換素子製造業
E,28,281,2813,半導体素子製造業（光電変換素子を除く）
E,28,281,2814,集積回路製造業
E,28,281,2815,液晶パネル・フラットパネル製造業
E,28,282,0000,電子部品製造業
E,28,282,2821,抵抗器・コンデンサ・変成器・複合部品製造業
E,28,282,2822,音響部品・磁気ヘッド・小形モータ製造業
E,28,282,2823,コネクタ・スイッチ・リレー製造業
E,28,283,0000,記録メディア製造業
E,28,283,2831,半導体メモリメディア製造業
E,28,283,2832,光ディスク・磁気ディスク・磁気テープ製造業
E,28,284,0000,電子回路製造業
E,28,284,2841,電子回路基板製造業
E,28,284,2842,電子回路実装基板製造業
E,28,285,0000,ユニット部品製造業
E,28,285,2851,電源ユニット・高周波ユニット・コントロールユニット製造業
E,28,285,2859,その他のユニット部品製造業
E,28,289,0000,その他の電子部品・デバイス・電子回路製造業
E,28,289,2899,その他の電子部品・デバイス・電子回路製造業
E,29,000,0000,電気機械器具製造業
E,29,290,0000,管理，補助的経済活動を行う事業所（29電気機械器具製造業）
E,29,290,2900,主として管理事務を行う本社等
E,29,290,2909,その他の管理，補助的経済活動を行う事業所
E,29,291,0000,発電用・送電用・配電用電気機械器具製造業
E,29,291,2911,発電機・電動機・その他の回転電気機械製造業
E,29,291,2912,変圧器類製造業（電子機器用を除く)
E,29,291,2913,電力開閉装置製造業
E,29,291,2914,配電盤・電力制御装置製造業
E,29,291,2915,配線器具・配線附属品製造業
E,29,292,0000,産業用電気機械器具製造業
E,29,292,2921,電気溶接機製造業
E,29,292,2922,内燃機関電装品製造業
E,29,292,2929,その他の産業用電気機械器具製造業（車両用，船舶用を含む）
E,29,293,0000,民生用電気機械器具製造業
E,29,293,2931,ちゅう房機器製造業
E,29,293,2932,空調・住宅関連機器製造業
E,29,293,2933,衣料衛生関連機器製造業
E,29,293,2939,その他の民生用電気機械器具製造業
E,29,294,0000,電球・電気照明器具製造業
E,29,294,2941,電球製造業
E,29,294,2942,電気照明器具製造業
E,29,295,0000,電池製造業
E,29,295,2951,蓄電池製造業
E,29,295,2952,一次電池（乾電池，湿電池）製造業
E,29,296,0000,電子応用装置製造業
E,29,296,2961,X線装置製造業
E,29,296,2962,医療用電子応用装置製造業
E,29,296,2969,その他の電子応用装置製造業
E,29,297,0000,電気計測器製造業
E,29,297,2971,電気計測器製造業（別掲を除く）
E,29,297,2972,工業計器製造業
E,29,297,2973,医療用計測器製造業
E,29,299,0000,その他の電気機械器具製造業
E,29,299,2999,その他の電気機械器具製造業
E,30,000,0000,情報通信機械器具製造業
E,30,300,0000,管理，補助的経済活動を行う事業所（30情報通信機械器具製造業）
E,30,300,3000,主として管理事務を行う本社等
E,30,300,3009,その他の管理，補助的経済活動を行う事業所
E,30,301,0000,通信機械器具・同関連機械器具製造業
E,30,301,3011,有線通信機械器具製造業
E,30,301,3012,携帯電話機・PHS電話機製造業
E,30,301,3013,無線通信機械器具製造業
E,30,301,3014,ラジオ受信機・テレビジョン受信機製造業
E,30,301,3015,交通信号保安装置製造業
E,30,301,3019,その他の通信機械器具・同関連機械器具製造業
E,30,302,0000,映像・音響機械器具製造業
E,30,302,3021,ビデオ機器製造業
E,30,302,3022,デジタルカメラ製造業
E,30,302,3023,電気音響機械器具製造業
E,30,303,0000,電子計算機・同附属装置製造業
E,30,303,3031,電子計算機製造業（パーソナルコンピュータを除く）
E,30,303,3032,パーソナルコンピュータ製造業
E,30,303,3033,外部記憶装置製造業
E,30,303,3034,印刷装置製造業
E,30,303,3035,表示装置製造業
E,30,303,3039,その他の附属装置製造業
E,31,000,0000,輸送用機械器具製造業
E,31,310,0000,管理，補助的経済活動を行う事業所（31輸送用機械器具製造業）
E,31,310,3100,主として管理事務を行う本社等
E,31,310,3109,その他の管理，補助的経済活動を行う事業所
E,31,311,0000,自動車・同附属品製造業
E,31,311,3111,自動車製造業（二輪自動車を含む）
E,31,311,3112,自動車車体・附随車製造業
E,31,311,3113,自動車部分品・附属品製造業
E,31,312,0000,鉄道車両・同部分品製造業
E,31,312,3121,鉄道車両製造業
E,31,312,3122,鉄道車両用部分品製造業
E,31,313,0000,船舶製造・修理業，舶用機関製造業
E,31,313,3131,船舶製造・修理業
E,31,313,3132,船体ブロック製造業
E,31,313,3133,舟艇製造・修理業
E,31,313,3134,舶用機関製造業
E,31,314,0000,航空機・同附属品製造業
E,31,314,3141,航空機製造業
E,31,314,3142,航空機用原動機製造業
E,31,314,3149,その他の航空機部分品・補助装置製造業
E,31,315,0000,産業用運搬車両・同部分品・附属品製造業
E,31,315,3151,フォークリフトトラック・同部分品・附属品製造業
E,31,315,3159,その他の産業用運搬車両・同部分品・附属品製造業
E,31,319,0000,その他の輸送用機械器具製造業
E,31,319,3191,自転車・同部分品製造業
E,31,319,3199,他に分類されない輸送用機械器具製造業
E,32,000,0000,その他の製造業
E,32,320,0000,管理，補助的経済活動を行う事業所（32その他の製造業）
E,32,320,3200,主として管理事務を行う本社等
E,32,320,3209,その他の管理，補助的経済活動を行う事業所
E,32,321,0000,貴金属・宝石製品製造業
E,32,321,3211,貴金属・宝石製装身具（ジュエリー）製品製造業
E,32,321,3212,貴金属・宝石製装身具（ジュエリー）附属品・同材料加工業
E,32,321,3219,その他の貴金属製品製造業
E,32,322,0000,装身具・装飾品・ボタン・同関連品製造業（貴金属・宝石製を除く）
E,32,322,3221,装身具・装飾品製造業（貴金属・宝石製を除く）
E,32,322,3222,造花・装飾用羽毛製造業
E,32,322,3223,ボタン製造業
E,32,322,3224,針・ピン・ホック・スナップ・同関連品製造業
E,32,322,3229,その他の装身具・装飾品製造業
E,32,323,0000,時計・同部分品製造業
E,32,323,3231,時計・同部分品製造業
E,32,324,0000,楽器製造業
E,32,324,3241,ピアノ製造業
E,32,324,3249,その他の楽器・楽器部品・同材料製造業
E,32,325,0000,がん具・運動用具製造業
E,32,325,3251,娯楽用具・がん具製造業（人形を除く）
E,32,325,3252,人形製造業
E,32,325,3253,運動用具製造業
E,32,326,0000,ペン・鉛筆・絵画用品・その他の事務用品製造業
E,32,326,3261,万年筆・ペン類・鉛筆製造業
E,32,326,3262,毛筆・絵画用品製造業（鉛筆を除く）
E,32,326,3269,その他の事務用品製造業
E,32,327,0000,漆器製造業
E,32,327,3271,漆器製造業
E,32,328,0000,畳等生活雑貨製品製造業
E,32,328,3281,麦わら・パナマ類帽子・わら工品製造業
E,32,328,3282,畳製造業
E,32,328,3283,うちわ・扇子・ちょうちん製造業
E,32,328,3284,ほうき・ブラシ製造業
E,32,328,3285,喫煙用具製造業（貴金属・宝石製を除く）
E,32,328,3289,その他の生活雑貨製品製造業
E,32,329,0000,他に分類されない製造業
E,32,329,3291,煙火製造業
E,32,329,3292,看板・標識機製造業
E,32,329,3293,パレット製造業
E,32,329,3294,モデル・模型製造業
E,32,329,3295,工業用模型製造業
E,32,329,3296,情報記録物製造業（新聞，書籍等の印刷物を除く）
E,32,329,3297,眼鏡製造業（枠を含む）
E,32,329,3299,他に分類されないその他の製造業
F,00,000,0000,電気・ガス・熱供給・水道業
F,33,000,0000,電気業
F,33,330,0000,管理，補助的経済活動を行う事業所（33電気業）
F,33,330,3300,主として管理事務を行う本社等
F,33,330,3309,その他の管理，補助的経済活動を行う事業所
F,33,331,0000,電気業
F,33,331,3311,発電所
F,33,331,3312,変電所
F,34,000,0000,ガス業
F,34,340,0000,管理，補助的経済活動を行う事業所（34ガス業）
F,34,340,3400,主として管理事務を行う本社等
F,34,340,3409,その他の管理，補助的経済活動を行う事業所
F,34,341,0000,ガス業
F,34,341,3411,ガス製造工場
F,34,341,3412,ガス供給所
F,35,000,0000,熱供給業
F,35,350,0000,管理，補助的経済活動を行う事業所（35熱供給業）
F,35,350,3500,主として管理事務を行う本社等
F,35,350,3509,その他の管理，補助的経済活動を行う事業所
F,35,351,0000,熱供給業
F,35,351,3511,熱供給業
F,36,000,0000,水道業
F,36,360,0000,管理，補助的経済活動を行う事業所（36水道業）
F,36,360,3600,主として管理事務を行う本社等
F,36,360,3609,その他の管理，補助的経済活動を行う事業所
F,36,361,0000,上水道業
F,36,361,3611,上水道業
F,36,362,0000,工業用水道業
F,36,362,3621,工業用水道業
F,36,363,0000,下水道業
F,36,363,3631,下水道処理施設維持管理業
F,36,363,3632,下水道管路施設維持管理業
G,00,000,0000,情報通信業
G,37,000,0000,通信業
G,37,370,0000,管理，補助的経済活動を行う事業所（37通信業）
G,37,370,3700,主として管理事務を行う本社等
G,37,370,3709,その他の管理，補助的経済活動を行う事業所
G,37,371,0000,固定電気通信業
G,37,371,3711,地域電気通信業（有線放送電話業を除く）
G,37,371,3712,長距離電気通信業
G,37,371,3713,有線放送電話業
G,37,371,3719,その他の固定電気通信業
G,37,372,0000,移動電気通信業
G,37,372,3721,移動電気通信業
G,37,373,0000,電気通信に附帯するサービス業
G,37,373,3731,電気通信に附帯するサービス業
G,38,000,0000,放送業
G,38,380,0000,管理，補助的経済活動を行う事業所（38放送業）
G,38,380,3800,主として管理事務を行う本社等
G,38,380,3809,その他の管理，補助的経済活動を行う事業所
G,38,381,0000,公共放送業（有線放送業を除く）
G,38,381,3811,公共放送業（有線放送業を除く）
G,38,382,0000,民間放送業（有線放送業を除く）
G,38,382,3821,テレビジョン放送業（衛星放送業を除く）
G,38,382,3822,ラジオ放送業（衛星放送業を除く）
G,38,382,3823,衛星放送業
G,38,382,3829,その他の民間放送業
G,38,383,0000,有線放送業
G,38,383,3831,有線テレビジョン放送業
G,38,383,3832,有線ラジオ放送業
G,39,000,0000,情報サービス業
G,39,390,0000,管理，補助的経済活動を行う事業所（39情報サービス業）
G,39,390,3900,主として管理事務を行う本社等
G,39,390,3909,その他の管理，補助的経済活動を行う事業所
G,39,391,0000,ソフトウェア業
G,39,391,3911,受託開発ソフトウェア業
G,39,391,3912,組込みソフトウェア業
G,39,391,3913,パッケージソフトウェア業
G,39,391,3914,ゲームソフトウェア業
G,39,392,0000,情報処理・提供サービス業
G,39,392,3921,情報処理サービス業
G,39,392,3922,情報提供サービス業
G,39,392,3923,市場調査・世論調査・社会調査業
G,39,392,3929,その他の情報処理・提供サービス業
G,40,000,0000,インターネット附随サービス業
G,40,400,0000,管理，補助的経済活動を行う事業所（40インターネット附随サービス業）
G,40,400,4000,主として管理事務を行う本社等
G,40,400,4009,その他の管理，補助的経済活動を行う事業所
G,40,401,0000,インターネット附随サービス業
G,40,401,4011,ポータルサイト・サーバ運営業
G,40,401,4012,アプリケーション・サービス・コンテンツ・プロバイダ
G,40,401,4013,インターネット利用サポート業
G,41,000,0000,映像・音声・文字情報制作業
G,41,410,0000,管理，補助的経済活動を行う事業所（41映像・音声・文字情報制作業）
G,41,410,4100,主として管理事務を行う本社等
G,41,410,4109,その他の管理，補助的経済活動を行う事業所
G,41,411,0000,映像情報制作・配給業
G,41,411,4111,映画・ビデオ制作業（テレビジョン番組制作業，アニメーション制作業を除く）
G,41,411,4112,テレビジョン番組制作業（アニメーション制作業を除く）
G,41,411,4113,アニメーション制作業
G,41,411,4114,映画・ビデオ・テレビジョン番組配給業
G,41,412,0000,音声情報制作業
G,41,412,4121,レコード制作業
G,41,412,4122,ラジオ番組制作業
G,41,413,0000,新聞業
G,41,413,4131,新聞業
G,41,414,0000,出版業
G,41,414,4141,出版業
G,41,415,0000,広告制作業
G,41,415,4151,広告制作業
G,41,416,0000,映像・音声・文字情報制作に附帯するサービス業
G,41,416,4161,ニュース供給業
G,41,416,4169,その他の映像・音声・文字情報制作に附帯するサービス業
H,00,000,0000,運輸業，郵便業
H,42,000,0000,鉄道業
H,42,420,0000,管理，補助的経済活動を行う事業所（42鉄道業）
H,42,420,4200,主として管理事務を行う本社等
H,42,420,4209,その他の管理，補助的経済活動を行う事業所
H,42,421,0000,鉄道業
H,42,421,4211,普通鉄道業
H,42,421,4212,軌道業
H,42,421,4213,地下鉄道業
H,42,421,4214,モノレール鉄道業（地下鉄道業を除く）
H,42,421,4215,案内軌条式鉄道業（地下鉄道業を除く）
H,42,421,4216,鋼索鉄道業
H,42,421,4217,索道業
H,42,421,4219,その他の鉄道業
H,43,000,0000,道路旅客運送業
H,43,430,0000,管理，補助的経済活動を行う事業所（43道路旅客運送業）
H,43,430,4300,主として管理事務を行う本社等
H,43,430,4309,その他の管理，補助的経済活動を行う事業所
H,43,431,0000,一般乗合旅客自動車運送業
H,43,431,4311,一般乗合旅客自動車運送業
H,43,432,0000,一般乗用旅客自動車運送業
H,43,432,4321,一般乗用旅客自動車運送業
H,43,433,0000,一般貸切旅客自動車運送業
H,43,433,4331,一般貸切旅客自動車運送業
H,43,439,0000,その他の道路旅客運送業
H,43,439,4391,特定旅客自動車運送業
H,43,439,4399,他に分類されない道路旅客運送業
H,44,000,0000,道路貨物運送業
H,44,440,0000,管理，補助的経済活動を行う事業所（44道路貨物運送業）
H,44,440,4400,主として管理事務を行う本社等
H,44,440,4409,その他の管理，補助的経済活動を行う事業所
H,44,441,0000,一般貨物自動車運送業
H,44,441,4411,一般貨物自動車運送業（特別積合せ貨物運送業を除く）
H,44,441,4412,特別積合せ貨物運送業
H,44,442,0000,特定貨物自動車運送業
H,44,442,4421,特定貨物自動車運送業
H,44,443,0000,貨物軽自動車運送業
H,44,443,4431,貨物軽自動車運送業
H,44,444,0000,集配利用運送業
H,44,444,4441,集配利用運送業
H,44,449,0000,その他の道路貨物運送業
H,44,449,4499,その他の道路貨物運送業
H,45,000,0000,水運業
H,45,450,0000,管理，補助的経済活動を行う事業所（45水運業）
H,45,450,4500,主として管理事務を行う本社等
H,45,450,4509,その他の管理，補助的経済活動を行う事業所
H,45,451,0000,外航海運業
H,45,451,4511,外航旅客海運業
H,45,451,4512,外航貨物海運業
H,45,452,0000,沿海海運業
H,45,452,4521,沿海旅客海運業
H,45,452,4522,沿海貨物海運業
H,45,453,0000,内陸水運業
H,45,453,4531,港湾旅客海運業
H,45,453,4532,河川水運業
H,45,453,4533,湖沼水運業
H,45,454,0000,船舶貸渡業
H,45,454,4541,船舶貸渡業（内航船舶貸渡業を除く）
H,45,454,4542,内航船舶貸渡業
H,46,000,0000,航空運輸業
H,46,460,0000,管理，補助的経済活動を行う事業所（46航空運輸業）
H,46,460,4600,主として管理事務を行う本社等
H,46,460,4609,その他の管理，補助的経済活動を行う事業所
H,46,461,0000,航空運送業
H,46,461,4611,航空運送業
H,46,462,0000,航空機使用業（航空運送業を除く）
H,46,462,4621,航空機使用業（航空運送業を除く）
H,47,000,0000,倉庫業
H,47,470,0000,管理，補助的経済活動を行う事業所（47倉庫業）
H,47,470,4700,主として管理事務を行う本社等
H,47,470,4709,その他の管理，補助的経済活動を行う事業所
H,47,471,0000,倉庫業（冷蔵倉庫業を除く）
H,47,471,4711,倉庫業（冷蔵倉庫業を除く）
H,47,472,0000,冷蔵倉庫業
H,47,472,4721,冷蔵倉庫業
H,48,000,0000,運輸に附帯するサービス業
H,48,480,0000,管理，補助的経済活動を行う事業所（48運輸に附帯するサービス業）
H,48,480,4800,主として管理事務を行う本社等
H,48,480,4809,その他の管理，補助的経済活動を行う事業所
H,48,481,0000,港湾運送業
H,48,481,4811,港湾運送業
H,48,482,0000,貨物運送取扱業（集配利用運送業を除く）
H,48,482,4821,利用運送業（集配利用運送業を除く）
H,48,482,4822,運送取次業
H,48,483,0000,運送代理店
H,48,483,4831,運送代理店
H,48,484,0000,こん包業
H,48,484,4841,こん包業（組立こん包業を除く）
H,48,484,4842,組立こん包業
H,48,485,0000,運輸施設提供業
H,48,485,4851,鉄道施設提供業
H,48,485,4852,道路運送固定施設業
H,48,485,4853,自動車ターミナル業
H,48,485,4854,貨物荷扱固定施設業
H,48,485,4855,桟橋泊きょ業
H,48,485,4856,飛行場業
H,48,489,0000,その他の運輸に附帯するサービス業
H,48,489,4891,海運仲立業
H,48,489,4899,他に分類されない運輸に附帯するサービス業
H,49,000,0000,郵便業（信書便事業を含む）
H,49,490,0000,管理，補助的経済活動を行う事業所（49郵便業）
H,49,490,4901,管理，補助的経済活動を行う事業所
H,49,491,0000,郵便業（信書便事業を含む）
H,49,491,4911,郵便業（信書便事業を含む）
I,00,000,0000,卸売業，小売業
I,50,000,0000,各種商品卸売業
I,50,500,0000,管理，補助的経済活動を行う事業所（50各種商品卸売業）
I,50,500,5000,主として管理事務を行う本社等
I,50,500,5008,自家用倉庫
I,50,500,5009,その他の管理，補助的経済活動を行う事業所
I,50,501,0000,各種商品卸売業
I,50,501,5011,各種商品卸売業（従業者が常時100人以上のもの）
I,50,501,5019,その他の各種商品卸売業
I,51,000,0000,繊維・衣服等卸売業
I,51,510,0000,管理，補助的経済活動を行う事業所（51繊維・衣服等卸売業）
I,51,510,5100,主として管理事務を行う本社等
I,51,510,5108,自家用倉庫
I,51,510,5109,その他の管理，補助的経済活動を行う事業所
I,51,511,0000,繊維品卸売業（衣服，身の回り品を除く）
I,51,511,5111,繊維原料卸売業
I,51,511,5112,糸卸売業
I,51,511,5113,織物卸売業（室内装飾繊維品を除く）
I,51,512,0000,衣服卸売業
I,51,512,5121,男子服卸売業
I,51,512,5122,婦人・子供服卸売業
I,51,512,5123,下着類卸売業
I,51,512,5129,その他の衣服卸売業
I,51,513,0000,身の回り品卸売業
I,51,513,5131,寝具類卸売業
I,51,513,5132,靴・履物卸売業
I,51,513,5133,かばん・袋物卸売業
I,51,513,5139,その他の身の回り品卸売業
I,52,000,0000,飲食料品卸売業
I,52,520,0000,管理，補助的経済活動を行う事業所（52飲食料品卸売業）
I,52,520,5200,主として管理事務を行う本社等
I,52,520,5208,自家用倉庫
I,52,520,5209,その他の管理，補助的経済活動を行う事業所
I,52,521,0000,農畜産物・水産物卸売業
I,52,521,5211,米麦卸売業
I,52,521,5212,雑穀・豆類卸売業
I,52,521,5213,野菜卸売業
I,52,521,5214,果実卸売業
I,52,521,5215,食肉卸売業
I,52,521,5216,生鮮魚介卸売業
I,52,521,5219,その他の農畜産物・水産物卸売業
I,52,522,0000,食料・飲料卸売業
I,52,522,5221,砂糖・味そ・しょう油卸売業
I,52,522,5222,酒類卸売業
I,52,522,5223,乾物卸売業
I,52,522,5224,菓子・パン類卸売業
I,52,522,5225,飲料卸売業（別掲を除く）
I,52,522,5226,茶類卸売業
I,52,522,5227,牛乳・乳製品卸売業
I,52,522,5229,その他の食料・飲料卸売業
I,53,000,0000,建築材料，鉱物・金属材料等卸売業
I,53,530,0000,管理，補助的経済活動を行う事業所（53建築材料，鉱物・金属材料等卸売業）
I,53,530,5300,主として管理事務を行う本社等
I,53,530,5308,自家用倉庫
I,53,530,5309,その他の管理，補助的経済活動を行う事業所
I,53,531,0000,建築材料卸売業
I,53,531,5311,木材・竹材卸売業
I,53,531,5312,セメント卸売業
I,53,531,5313,板ガラス卸売業
I,53,531,5314,建築用金属製品卸売業（建築用金物を除く）
I,53,531,5319,その他の建築材料卸売業
I,53,532,0000,化学製品卸売業
I,53,532,5321,塗料卸売業
I,53,532,5322,プラスチック卸売業
I,53,532,5329,その他の化学製品卸売業
I,53,533,0000,石油・鉱物卸売業
I,53,533,5331,石油卸売業
I,53,533,5332,鉱物卸売業（石油を除く）
I,53,534,0000,鉄鋼製品卸売業
I,53,534,5341,鉄鋼粗製品卸売業
I,53,534,5342,鉄鋼一次製品卸売業
I,53,534,5349,その他の鉄鋼製品卸売業
I,53,535,0000,非鉄金属卸売業
I,53,535,5351,非鉄金属地金卸売業
I,53,535,5352,非鉄金属製品卸売業
I,53,536,0000,再生資源卸売業
I,53,536,5361,空瓶・空缶等空容器卸売業
I,53,536,5362,鉄スクラップ卸売業
I,53,536,5363,非鉄金属スクラップ卸売業
I,53,536,5364,古紙卸売業
I,53,536,5369,その他の再生資源卸売業
I,54,000,0000,機械器具卸売業
I,54,540,0000,管理，補助的経済活動を行う事業所（54機械器具卸売業）
I,54,540,5400,主として管理事務を行う本社等
I,54,540,5408,自家用倉庫
I,54,540,5409,その他の管理，補助的経済活動を行う事業所
I,54,541,0000,産業機械器具卸売業
I,54,541,5411,農業用機械器具卸売業
I,54,541,5412,建設機械・鉱山機械卸売業
I,54,541,5413,金属加工機械卸売業
I,54,541,5414,事務用機械器具卸売業
I,54,541,5419,その他の産業機械器具卸売業
I,54,542,0000,自動車卸売業
I,54,542,5421,自動車卸売業（二輪自動車を含む）
I,54,542,5422,自動車部分品・附属品卸売業（中古品を除く）
I,54,542,5423,自動車中古部品卸売業
I,54,543,0000,電気機械器具卸売業
I,54,543,5431,家庭用電気機械器具卸売業
I,54,543,5432,電気機械器具卸売業（家庭用電気機械器具を除く）
I,54,549,0000,その他の機械器具卸売業
I,54,549,5491,輸送用機械器具卸売業（自動車を除く）
I,54,549,5492,計量器・理化学機械器具・光学機械器具等卸売業
I,54,549,5493,医療用機械器具卸売業（歯科用機械器具を含む）
I,55,000,0000,その他の卸売業
I,55,550,0000,管理，補助的経済活動を行う事業所（55その他の卸売業）
I,55,550,5500,主として管理事務を行う本社等
I,55,550,5508,自家用倉庫
I,55,550,5509,その他の管理，補助的経済活動を行う事業所
I,55,551,0000,家具・建具・じゅう器等卸売業
I,55,551,5511,家具・建具卸売業
I,55,551,5512,荒物卸売業
I,55,551,5513,畳卸売業
I,55,551,5514,室内装飾繊維品卸売業
I,55,551,5515,陶磁器・ガラス器卸売業
I,55,551,5519,その他のじゅう器卸売業
I,55,552,0000,医薬品・化粧品等卸売業
I,55,552,5521,医薬品卸売業
I,55,552,5522,医療用品卸売業
I,55,552,5523,化粧品卸売業
I,55,552,5524,合成洗剤卸売業
I,55,553,0000,紙・紙製品卸売業
I,55,553,5531,紙卸売業
I,55,553,5532,紙製品卸売業
I,55,559,0000,他に分類されない卸売業
I,55,559,5591,金物卸売業
I,55,559,5592,肥料・飼料卸売業
I,55,559,5593,スポーツ用品卸売業
I,55,559,5594,娯楽用品・がん具卸売業
I,55,559,5595,たばこ卸売業
I,55,559,5596,ジュエリー製品卸売業
I,55,559,5597,書籍・雑誌卸売業
I,55,559,5598,代理商，仲立業
I,55,559,5599,他に分類されないその他の卸売業
I,56,000,0000,各種商品小売業
I,56,560,0000,管理，補助的経済活動を行う事業所（56各種商品小売業）
I,56,560,5600,主として管理事務を行う本社等
I,56,560,5608,自家用倉庫
I,56,560,5609,その他の管理，補助的経済活動を行う事業所
I,56,561,0000,百貨店，総合スーパー
I,56,561,5611,百貨店，総合スーパー
I,56,569,0000,その他の各種商品小売業（従業者が常時50人未満のもの）
I,56,569,5699,その他の各種商品小売業（従業者が常時50人未満のもの）
I,57,000,0000,織物・衣服・身の回り品小売業
I,57,570,0000,管理，補助的経済活動を行う事業所（57織物・衣服・身の回り品小売業）
I,57,570,5700,主として管理事務を行う本社等
I,57,570,5708,自家用倉庫
I,57,570,5709,その他の管理，補助的経済活動を行う事業所
I,57,571,0000,呉服・服地・寝具小売業
I,57,571,5711,呉服・服地小売業
I,57,571,5712,寝具小売業
I,57,572,0000,男子服小売業
I,57,572,5721,男子服小売業
I,57,573,0000,婦人・子供服小売業
I,57,573,5731,婦人服小売業
I,57,573,5732,子供服小売業
I,57,574,0000,靴・履物小売業
I,57,574,5741,靴小売業
I,57,574,5742,履物小売業（靴を除く）
I,57,579,0000,その他の織物・衣服・身の回り品小売業
I,57,579,5791,かばん・袋物小売業
I,57,579,5792,下着類小売業
I,57,579,5793,洋品雑貨・小間物小売業
I,57,579,5799,他に分類されない織物・衣服・身の回り品小売業
I,58,000,0000,飲食料品小売業
I,58,580,0000,管理，補助的経済活動を行う事業所（58飲食料品小売業）
I,58,580,5800,主として管理事務を行う本社等
I,58,580,5808,自家用倉庫
I,58,580,5809,その他の管理，補助的経済活動を行う事業所
I,58,581,0000,各種食料品小売業
I,58,581,5811,各種食料品小売業
I,58,582,0000,野菜・果実小売業
I,58,582,5821,野菜小売業
I,58,582,5822,果実小売業
I,58,583,0000,食肉小売業
I,58,583,5831,食肉小売業（卵，鳥肉を除く）
I,58,583,5832,卵・鳥肉小売業
I,58,584,0000,鮮魚小売業
I,58,584,5841,鮮魚小売業
I,58,585,0000,酒小売業
I,58,585,5851,酒小売業
I,58,586,0000,菓子・パン小売業
I,58,586,5861,菓子小売業（製造小売）
I,58,586,5862,菓子小売業（製造小売でないもの）
I,58,586,5863,パン小売業（製造小売）
I,58,586,5864,パン小売業（製造小売でないもの）
I,58,589,0000,その他の飲食料品小売業
I,58,589,5891,コンビニエンスストア（飲食料品を中心とするものに限る）
I,58,589,5892,牛乳小売業
I,58,589,5893,飲料小売業（別掲を除く）
I,58,589,5894,茶類小売業
I,58,589,5895,料理品小売業
I,58,589,5896,米穀類小売業
I,58,589,5897,豆腐・かまぼこ等加工食品小売業
I,58,589,5898,乾物小売業
I,58,589,5899,他に分類されない飲食料品小売業
I,59,000,0000,機械器具小売業
I,59,590,0000,管理，補助的経済活動を行う事業所（59機械器具小売業）
I,59,590,5900,主として管理事務を行う本社等
I,59,590,5908,自家用倉庫
I,59,590,5909,その他の管理，補助的経済活動を行う事業所
I,59,591,0000,自動車小売業
I,59,591,5911,自動車（新車）小売業
I,59,591,5912,中古自動車小売業
I,59,591,5913,自動車部分品・附属品小売業
I,59,591,5914,二輪自動車小売業（原動機付自転車を含む）
I,59,592,0000,自転車小売業
I,59,592,5921,自転車小売業
I,59,593,0000,機械器具小売業（自動車，自転車を除く）
I,59,593,5931,電気機械器具小売業（中古品を除く）
I,59,593,5932,電気事務機械器具小売業（中古品を除く）
I,59,593,5933,中古電気製品小売業
I,59,593,5939,その他の機械器具小売業
I,60,000,0000,その他の小売業
I,60,600,0000,管理，補助的経済活動を行う事業所（60その他の小売業）
I,60,600,6000,主として管理事務を行う本社等
I,60,600,6008,自家用倉庫
I,60,600,6009,その他の管理，補助的経済活動を行う事業所
I,60,601,0000,家具・建具・畳小売業
I,60,601,6011,家具小売業
I,60,601,6012,建具小売業
I,60,601,6013,畳小売業
I,60,601,6014,宗教用具小売業
I,60,602,0000,じゅう器小売業
I,60,602,6021,金物小売業
I,60,602,6022,荒物小売業
I,60,602,6023,陶磁器・ガラス器小売業
I,60,602,6029,他に分類されないじゅう器小売業
I,60,603,0000,医薬品・化粧品小売業
I,60,603,6031,ドラッグストア
I,60,603,6032,医薬品小売業（調剤薬局を除く）
I,60,603,6033,調剤薬局
I,60,603,6034,化粧品小売業
I,60,604,0000,農耕用品小売業
I,60,604,6041,農業用機械器具小売業
I,60,604,6042,苗・種子小売業
I,60,604,6043,肥料・飼料小売業
I,60,605,0000,燃料小売業
I,60,605,6051,ガソリンスタンド
I,60,605,6052,燃料小売業（ガソリンスタンドを除く）
I,60,606,0000,書籍・文房具小売業
I,60,606,6061,書籍・雑誌小売業（古本を除く）
I,60,606,6062,古本小売業
I,60,606,6063,新聞小売業
I,60,606,6064,紙・文房具小売業
I,60,607,0000,スポーツ用品・がん具・娯楽用品・楽器小売業
I,60,607,6071,スポーツ用品小売業
I,60,607,6072,がん具・娯楽用品小売業
I,60,607,6073,楽器小売業
I,60,608,0000,写真機・時計・眼鏡小売業
I,60,608,6081,写真機・写真材料小売業
I,60,608,6082,時計・眼鏡・光学機械小売業
I,60,609,0000,他に分類されない小売業
I,60,609,6091,ホームセンター
I,60,609,6092,たばこ・喫煙具専門小売業
I,60,609,6093,花・植木小売業
I,60,609,6094,建築材料小売業
I,60,609,6095,ジュエリー製品小売業
I,60,609,6096,ペット・ペット用品小売業
I,60,609,6097,骨とう品小売業
I,60,609,6098,中古品小売業（骨とう品を除く）
I,60,609,6099,他に分類されないその他の小売業
I,61,000,0000,無店舗小売業
I,61,610,0000,管理，補助的経済活動を行う事業所（61無店舗小売業）
I,61,610,6100,主として管理事務を行う本社等
I,61,610,6108,自家用倉庫
I,61,610,6109,その他の管理，補助的経済活動を行う事業所
I,61,611,0000,通信販売・訪問販売小売業
I,61,611,6111,無店舗小売業（各種商品小売）
I,61,611,6112,無店舗小売業（織物・衣服・身の回り品小売）
I,61,611,6113,無店舗小売業（飲食料品小売）
I,61,611,6114,無店舗小売業（機械器具小売）
I,61,611,6119,無店舗小売業（その他の小売）
I,61,612,0000,自動販売機による小売業
I,61,612,6121,自動販売機による小売業
I,61,619,0000,その他の無店舗小売業
I,61,619,6199,その他の無店舗小売業
J,00,000,0000,金融業，保険業
J,62,000,0000,銀行業
J,62,620,0000,管理，補助的経済活動を行う事業所（62銀行業）
J,62,620,6200,主として管理事務を行う本社等
J,62,620,6209,その他の管理，補助的経済活動を行う事業所
J,62,621,0000,中央銀行
J,62,621,6211,中央銀行
J,62,622,0000,銀行（中央銀行を除く）
J,62,622,6221,普通銀行
J,62,622,6222,郵便貯金銀行
J,62,622,6223,信託銀行
J,62,622,6229,その他の銀行
J,63,000,0000,協同組織金融業
J,63,630,0000,管理，補助的経済活動を行う事業所（63協同組織金融業）
J,63,630,6300,主として管理事務を行う本社等
J,63,630,6309,その他の管理，補助的経済活動を行う事業所
J,63,631,0000,中小企業等金融業
J,63,631,6311,信用金庫・同連合会
J,63,631,6312,信用協同組合・同連合会
J,63,631,6313,商工組合中央金庫
J,63,631,6314,労働金庫・同連合会
J,63,632,0000,農林水産金融業
J,63,632,6321,農林中央金庫
J,63,632,6322,信用農業協同組合連合会
J,63,632,6323,信用漁業協同組合連合会，信用水産加工業協同組合連合会
J,63,632,6324,農業協同組合
J,63,632,6325,漁業協同組合，水産加工業協同組合
J,64,000,0000,貸金業，クレジットカード業等非預金信用機関
J,64,640,0000,管理，補助的経済活動を行う事業所（64貸金業，クレジットカード業等非預金信用機関）
J,64,640,6400,主として管理事務を行う本社等
J,64,640,6409,その他の管理，補助的経済活動を行う事業所
J,64,641,0000,貸金業
J,64,641,6411,消費者向け貸金業
J,64,641,6412,事業者向け貸金業
J,64,642,0000,質屋
J,64,642,6421,質屋
J,64,643,0000,クレジットカード業，割賦金融業
J,64,643,6431,クレジットカード業
J,64,643,6432,割賦金融業
J,64,649,0000,その他の非預金信用機関
J,64,649,6491,政府関係金融機関
J,64,649,6492,住宅専門金融業
J,64,649,6493,証券金融業
J,64,649,6499,他に分類されない非預金信用機関
J,65,000,0000,金融商品取引業，商品先物取引業
J,65,650,0000,管理，補助的経済活動を行う事業所（65金融商品取引業，商品先物取引業）
J,65,650,6500,主として管理事務を行う本社等
J,65,650,6509,その他の管理，補助的経済活動を行う事業所
J,65,651,0000,金融商品取引業
J,65,651,6511,金融商品取引業（投資助言・代理業・運用業，補助的金融商品取引業を除く）
J,65,651,6512,投資助言・代理業
J,65,651,6513,投資運用業
J,65,651,6514,補助的金融商品取引業
J,65,652,0000,商品先物取引業，商品投資顧問業
J,65,652,6521,商品先物取引業
J,65,652,6522,商品投資顧問業
J,65,652,6529,その他の商品先物取引業，商品投資顧問業
J,66,000,0000,補助的金融業等
J,66,660,0000,管理，補助的経済活動を行う事業所（66補助的金融業等）
J,66,660,6600,主として管理事務を行う本社等
J,66,660,6609,その他の管理，補助的経済活動を行う事業所
J,66,661,0000,補助的金融業，金融附帯業
J,66,661,6611,短資業
J,66,661,6612,手形交換所
J,66,661,6613,両替業
J,66,661,6614,信用保証機関
J,66,661,6615,信用保証再保険機関
J,66,661,6616,預・貯金等保険機関
J,66,661,6617,金融商品取引所
J,66,661,6618,商品取引所
J,66,661,6619,その他の補助的金融業，金融附帯業
J,66,662,0000,信託業
J,66,662,6621,運用型信託業
J,66,662,6622,管理型信託業
J,66,663,0000,金融代理業
J,66,663,6631,金融商品仲介業
J,66,663,6632,信託契約代理業
J,66,663,6639,その他の金融代理業
J,67,000,0000,保険業（保険媒介代理業，保険サービス業を含む）
J,67,670,0000,管理，補助的経済活動を行う事業所（67保険業）
J,67,670,6700,主として管理事務を行う本社等
J,67,670,6709,その他の管理，補助的経済活動を行う事業所
J,67,671,0000,生命保険業
J,67,671,6711,生命保険業（郵便保険業，生命保険再保険業を除く）
J,67,671,6712,郵便保険業
J,67,671,6713,生命保険再保険業
J,67,671,6719,その他の生命保険業
J,67,672,0000,損害保険業
J,67,672,6721,損害保険業（損害保険再保険業を除く）
J,67,672,6722,損害保険再保険業
J,67,672,6729,その他の損害保険業
J,67,673,0000,共済事業，少額短期保険業
J,67,673,6731,共済事業（各種災害補償法によるもの）
J,67,673,6732,共済事業（各種協同組合法等によるもの）
J,67,673,6733,少額短期保険業
J,67,674,0000,保険媒介代理業
J,67,674,6741,生命保険媒介業
J,67,674,6742,損害保険代理業
J,67,674,6743,共済事業媒介代理業・少額短期保険代理業
J,67,675,0000,保険サービス業
J,67,675,6751,保険料率算出団体
J,67,675,6752,損害査定業
J,67,675,6759,その他の保険サービス業
K,00,000,0000,不動産業，物品賃貸業
K,68,000,0000,不動産取引業
K,68,680,0000,管理，補助的経済活動を行う事業所（68不動産取引業）
K,68,680,6800,主として管理事務を行う本社等
K,68,680,6809,その他の管理，補助的経済活動を行う事業所
K,68,681,0000,建物売買業，土地売買業
K,68,681,6811,建物売買業
K,68,681,6812,土地売買業
K,68,682,0000,不動産代理業・仲介業
K,68,682,6821,不動産代理業・仲介業
K,69,000,0000,不動産賃貸業・管理業
K,69,690,0000,管理，補助的経済活動を行う事業所（69不動産賃貸業・管理業）
K,69,690,6900,主として管理事務を行う本社等
K,69,690,6909,その他の管理，補助的経済活動を行う事業所
K,69,691,0000,不動産賃貸業（貸家業，貸間業を除く）
K,69,691,6911,貸事務所業
K,69,691,6912,土地賃貸業
K,69,691,6919,その他の不動産賃貸業
K,69,692,0000,貸家業，貸間業
K,69,692,6921,貸家業
K,69,692,6922,貸間業
K,69,693,0000,駐車場業
K,69,693,6931,駐車場業
K,69,694,0000,不動産管理業
K,69,694,6941,不動産管理業
K,70,000,0000,物品賃貸業
K,70,700,0000,管理，補助的経済活動を行う事業所（70物品賃貸業）
K,70,700,7000,主として管理事務を行う本社等
K,70,700,7009,その他の管理，補助的経済活動を行う事業所
K,70,701,0000,各種物品賃貸業
K,70,701,7011,総合リース業
K,70,701,7019,その他の各種物品賃貸業
K,70,702,0000,産業用機械器具賃貸業
K,70,702,7021,産業用機械器具賃貸業（建設機械器具を除く）
K,70,702,7022,建設機械器具賃貸業
K,70,703,0000,事務用機械器具賃貸業
K,70,703,7031,事務用機械器具賃貸業（電子計算機を除く）
K,70,703,7032,電子計算機・同関連機器賃貸業
K,70,704,0000,自動車賃貸業
K,70,704,7041,自動車賃貸業
K,70,705,0000,スポーツ・娯楽用品賃貸業
K,70,705,7051,スポーツ・娯楽用品賃貸業
K,70,709,0000,その他の物品賃貸業
K,70,709,7091,映画・演劇用品賃貸業
K,70,709,7092,音楽・映像記録物賃貸業（別掲を除く）
K,70,709,7093,貸衣しょう業（別掲を除く）
K,70,709,7099,他に分類されない物品賃貸業
L,00,000,0000,学術研究，専門・技術サービス業
L,71,000,0000,学術・開発研究機関
L,71,710,0000,管理，補助的経済活動を行う事業所（71学術・開発研究機関）
L,71,710,7101,管理，補助的経済活動を行う事業所
L,71,711,0000,自然科学研究所
L,71,711,7111,理学研究所
L,71,711,7112,工学研究所
L,71,711,7113,農学研究所
L,71,711,7114,医学・薬学研究所
L,71,712,0000,人文・社会科学研究所
L,71,712,7121,人文・社会科学研究所
L,72,000,0000,専門サービス業（他に分類されないもの）
L,72,720,0000,管理，補助的経済活動を行う事業所（72専門サービス業）
L,72,720,7201,管理，補助的経済活動を行う事業所
L,72,721,0000,法律事務所，特許事務所
L,72,721,7211,法律事務所
L,72,721,7212,特許事務所
L,72,722,0000,公証人役場，司法書士事務所，土地家屋調査士事務所
L,72,722,7221,公証人役場，司法書士事務所
L,72,722,7222,土地家屋調査士事務所
L,72,723,0000,行政書士事務所
L,72,723,7231,行政書士事務所
L,72,724,0000,公認会計士事務所，税理士事務所
L,72,724,7241,公認会計士事務所
L,72,724,7242,税理士事務所
L,72,725,0000,社会保険労務士事務所
L,72,725,7251,社会保険労務士事務所
L,72,726,0000,デザイン業
L,72,726,7261,デザイン業
L,72,727,0000,著述・芸術家業
L,72,727,7271,著述家業
L,72,727,7272,芸術家業
L,72,728,0000,経営コンサルタント業，純粋持株会社
L,72,728,7281,経営コンサルタント業
L,72,728,7282,純粋持株会社
L,72,729,0000,その他の専門サービス業
L,72,729,7291,興信所
L,72,729,7292,翻訳業（著述家業を除く）
L,72,729,7293,通訳業，通訳案内業
L,72,729,7294,不動産鑑定業
L,72,729,7299,他に分類されない専門サービス業
L,73,000,0000,広告業
L,73,730,0000,管理，補助的経済活動を行う事業所（73広告業）
L,73,730,7300,主として管理事務を行う本社等
L,73,730,7309,その他の管理，補助的経済活動を行う事業所
L,73,731,0000,広告業
L,73,731,7311,広告業
L,74,000,0000,技術サービス業（他に分類されないもの）
L,74,740,0000,管理，補助的経済活動を行う事業所（74技術サービス業）
L,74,740,7401,管理，補助的経済活動を行う事業所
L,74,741,0000,獣医業
L,74,741,7411,獣医業
L,74,742,0000,土木建築サービス業
L,74,742,7421,建築設計業
L,74,742,7422,測量業
L,74,742,7429,その他の土木建築サービス業
L,74,743,0000,機械設計業
L,74,743,7431,機械設計業
L,74,744,0000,商品・非破壊検査業
L,74,744,7441,商品検査業
L,74,744,7442,非破壊検査業
L,74,745,0000,計量証明業
L,74,745,7451,一般計量証明業
L,74,745,7452,環境計量証明業
L,74,745,7459,その他の計量証明業
L,74,746,0000,写真業
L,74,746,7461,写真業（商業写真業を除く）
L,74,746,7462,商業写真業
L,74,749,0000,その他の技術サービス業
L,74,749,7499,その他の技術サービス業
M,00,000,0000,宿泊業，飲食サービス業
M,75,000,0000,宿泊業
M,75,750,0000,管理，補助的経済活動を行う事業所（75宿泊業）
M,75,750,7500,主として管理事務を行う本社等
M,75,750,7509,その他の管理，補助的経済活動を行う事業所
M,75,751,0000,旅館，ホテル
M,75,751,7511,旅館，ホテル
M,75,752,0000,簡易宿所
M,75,752,7521,簡易宿所
M,75,753,0000,下宿業
M,75,753,7531,下宿業
M,75,759,0000,その他の宿泊業
M,75,759,7591,会社・団体の宿泊所
M,75,759,7592,リゾートクラブ
M,75,759,7599,他に分類されない宿泊業
M,76,000,0000,飲食店
M,76,760,0000,管理，補助的経済活動を行う事業所（76飲食店）
M,76,760,7600,主として管理事務を行う本社等
M,76,760,7609,その他の管理，補助的経済活動を行う事業所
M,76,761,0000,食堂，レストラン（専門料理店を除く）
M,76,761,7611,食堂，レストラン（専門料理店を除く）
M,76,762,0000,専門料理店
M,76,762,7621,日本料理店
M,76,762,7622,料亭
M,76,762,7623,中華料理店
M,76,762,7624,ラーメン店
M,76,762,7625,焼肉店
M,76,762,7629,その他の専門料理店
M,76,763,0000,そば・うどん店
M,76,763,7631,そば・うどん店
M,76,764,0000,すし店
M,76,764,7641,すし店
M,76,765,0000,酒場，ビヤホール
M,76,765,7651,酒場，ビヤホール
M,76,766,0000,バー，キャバレー，ナイトクラブ
M,76,766,7661,バー，キャバレー，ナイトクラブ
M,76,767,0000,喫茶店
M,76,767,7671,喫茶店
M,76,769,0000,その他の飲食店
M,76,769,7691,ハンバーガー店
M,76,769,7692,お好み焼・焼きそば・たこ焼店
M,76,769,7699,他に分類されない飲食店
M,77,000,0000,持ち帰り・配達飲食サービス業
M,77,770,0000,管理，補助的経済活動を行う事業所（77持ち帰り・配達飲食サービス業）
M,77,770,7700,主として管理事務を行う本社等
M,77,770,7709,その他の管理，補助的経済活動を行う事業所
M,77,771,0000,持ち帰り飲食サービス業
M,77,771,7711,持ち帰り飲食サービス業
M,77,772,0000,配達飲食サービス業
M,77,772,7721,配達飲食サービス業
N,00,000,0000,生活関連サービス業，娯楽業
N,78,000,0000,洗濯・理容・美容・浴場業
N,78,780,0000,管理，補助的経済活動を行う事業所（78洗濯・理容・美容・浴場業）
N,78,780,7800,主として管理事務を行う本社等
N,78,780,7809,その他の管理，補助的経済活動を行う事業所
N,78,781,0000,洗濯業
N,78,781,7811,普通洗濯業
N,78,781,7812,洗濯物取次業
N,78,781,7813,リネンサプライ業
N,78,782,0000,理容業
N,78,782,7821,理容業
N,78,783,0000,美容業
N,78,783,7831,美容業
N,78,784,0000,一般公衆浴場業
N,78,784,7841,一般公衆浴場業
N,78,785,0000,その他の公衆浴場業
N,78,785,7851,その他の公衆浴場業
N,78,789,0000,その他の洗濯・理容・美容・浴場業
N,78,789,7891,洗張・染物業
N,78,789,7892,エステティック業
N,78,789,7893,リラクゼーション業(手技を用いるもの)
N,78,789,7894,ネイルサービス業
N,78,789,7899,他に分類されない洗濯・理容・美容・浴場業
N,79,000,0000,その他の生活関連サービス業
N,79,790,0000,管理，補助的経済活動を行う事業所（79その他の生活関連サービス業）
N,79,790,7900,主として管理事務を行う本社等
N,79,790,7909,その他の管理，補助的経済活動を行う事業所
N,79,791,0000,旅行業
N,79,791,7911,旅行業(旅行業者代理業を除く)
N,79,791,7912,旅行業者代理業
N,79,792,0000,家事サービス業
N,79,792,7921,家事サービス業（住込みのもの）
N,79,792,7922,家事サービス業（住込みでないもの）
N,79,793,0000,衣服裁縫修理業
N,79,793,7931,衣服裁縫修理業
N,79,794,0000,物品預り業
N,79,794,7941,物品預り業
N,79,795,0000,火葬・墓地管理業
N,79,795,7951,火葬業
N,79,795,7952,墓地管理業
N,79,796,0000,冠婚葬祭業
N,79,796,7961,葬儀業
N,79,796,7962,結婚式場業
N,79,796,7963,冠婚葬祭互助会
N,79,799,0000,他に分類されない生活関連サービス業
N,79,799,7991,食品賃加工業
N,79,799,7992,結婚相談業，結婚式場紹介業
N,79,799,7993,写真プリント，現像・焼付業
N,79,799,7999,他に分類されないその他の生活関連サービス業
N,80,000,0000,娯楽業
N,80,800,0000,管理，補助的経済活動を行う事業所（80娯楽業）
N,80,800,8000,主として管理事務を行う本社等
N,80,800,8009,その他の管理，補助的経済活動を行う事業所
N,80,801,0000,映画館
N,80,801,8011,映画館
N,80,802,0000,興行場（別掲を除く），興行団
N,80,802,8021,劇場
N,80,802,8022,興行場
N,80,802,8023,劇団
N,80,802,8024,楽団，舞踏団
N,80,802,8025,演芸・スポーツ等興行団
N,80,803,0000,競輪・競馬等の競走場，競技団
N,80,803,8031,競輪場
N,80,803,8032,競馬場
N,80,803,8033,自動車・モータボートの競走場
N,80,803,8034,競輪競技団
N,80,803,8035,競馬競技団
N,80,803,8036,自動車・モータボートの競技団
N,80,804,0000,スポーツ施設提供業
N,80,804,8041,スポーツ施設提供業（別掲を除く）
N,80,804,8042,体育館
N,80,804,8043,ゴルフ場
N,80,804,8044,ゴルフ練習場
N,80,804,8045,ボウリング場
N,80,804,8046,テニス場
N,80,804,8047,バッティング・テニス練習場
N,80,804,8048,フィットネスクラブ
N,80,805,0000,公園，遊園地
N,80,805,8051,公園
N,80,805,8052,遊園地（テーマパークを除く）
N,80,805,8053,テーマパーク
N,80,806,0000,遊戯場
N,80,806,8061,ビリヤード場
N,80,806,8062,囲碁・将棋所
N,80,806,8063,マージャンクラブ
N,80,806,8064,パチンコホール
N,80,806,8065,ゲームセンター
N,80,806,8069,その他の遊戯場
N,80,809,0000,その他の娯楽業
N,80,809,8091,ダンスホール
N,80,809,8092,マリーナ業
N,80,809,8093,遊漁船業
N,80,809,8094,芸ぎ業
N,80,809,8095,カラオケボックス業
N,80,809,8096,娯楽に附帯するサービス業
N,80,809,8099,他に分類されない娯楽業
O,00,000,0000,教育，学習支援業
O,81,000,0000,学校教育
O,81,810,0000,管理，補助的経済活動を行う事業所（81学校教育）
O,81,810,8101,管理，補助的経済活動を行う事業所
O,81,811,0000,幼稚園
O,81,811,8111,幼稚園
O,81,812,0000,小学校
O,81,812,8121,小学校
O,81,813,0000,中学校
O,81,813,8131,中学校
O,81,814,0000,高等学校，中等教育学校
O,81,814,8141,高等学校
O,81,814,8142,中等教育学校
O,81,815,0000,特別支援学校
O,81,815,8151,特別支援学校
O,81,816,0000,高等教育機関
O,81,816,8161,大学
O,81,816,8162,短期大学
O,81,816,8163,高等専門学校
O,81,817,0000,専修学校，各種学校
O,81,817,8171,専修学校
O,81,817,8172,各種学校
O,81,818,0000,学校教育支援機関
O,81,818,8181,学校教育支援機関
O,81,819,0000,幼保連携型認定こども園
O,81,819,8191,幼保連携型認定こども園
O,82,000,0000,その他の教育，学習支援業
O,82,820,0000,管理，補助的経済活動を行う事業所（82その他の教育，学習支援業）
O,82,820,8200,主として管理事務を行う本社等
O,82,820,8209,その他の管理，補助的経済活動を行う事業所
O,82,821,0000,社会教育
O,82,821,8211,公民館
O,82,821,8212,図書館
O,82,821,8213,博物館，美術館
O,82,821,8214,動物園，植物園，水族館
O,82,821,8215,青少年教育施設
O,82,821,8216,社会通信教育
O,82,821,8219,その他の社会教育
O,82,822,0000,職業・教育支援施設
O,82,822,8221,職員教育施設・支援業
O,82,822,8222,職業訓練施設
O,82,822,8229,その他の職業・教育支援施設
O,82,823,0000,学習塾
O,82,823,8231,学習塾
O,82,824,0000,教養・技能教授業
O,82,824,8241,音楽教授業
O,82,824,8242,書道教授業
O,82,824,8243,生花・茶道教授業
O,82,824,8244,そろばん教授業
O,82,824,8245,外国語会話教授業
O,82,824,8246,スポーツ・健康教授業
O,82,824,8249,その他の教養・技能教授業
O,82,829,0000,他に分類されない教育，学習支援業
O,82,829,8299,他に分類されない教育，学習支援業
P,00,000,0000,医療，福祉
P,83,000,0000,医療業
P,83,830,0000,管理，補助的経済活動を行う事業所（83医療業）
P,83,830,8300,主として管理事務を行う本社等
P,83,830,8309,その他の管理，補助的経済活動を行う事業所
P,83,831,0000,病院
P,83,831,8311,一般病院
P,83,831,8312,精神科病院
P,83,832,0000,一般診療所
P,83,832,8321,有床診療所
P,83,832,8322,無床診療所
P,83,833,0000,歯科診療所
P,83,833,8331,歯科診療所
P,83,834,0000,助産・看護業
P,83,834,8341,助産所
P,83,834,8342,看護業
P,83,835,0000,療術業
P,83,835,8351,あん摩マッサージ指圧師・はり師・きゅう師・柔道整復師の施術所
P,83,835,8359,その他の療術業
P,83,836,0000,医療に附帯するサービス業
P,83,836,8361,歯科技工所
P,83,836,8369,その他の医療に附帯するサービス業
P,84,000,0000,保健衛生
P,84,840,0000,管理，補助的経済活動を行う事業所（84保健衛生）
P,84,840,8400,主として管理事務を行う本社等
P,84,840,8409,その他の管理，補助的経済活動を行う事業所
P,84,841,0000,保健所
P,84,841,8411,保健所
P,84,842,0000,健康相談施設
P,84,842,8421,結核健康相談施設
P,84,842,8422,精神保健相談施設
P,84,842,8423,母子健康相談施設
P,84,842,8429,その他の健康相談施設
P,84,849,0000,その他の保健衛生
P,84,849,8491,検疫所（動物検疫所，植物防疫所を除く）
P,84,849,8492,検査業
P,84,849,8493,消毒業
P,84,849,8499,他に分類されない保健衛生
P,85,000,0000,社会保険・社会福祉・介護事業
P,85,850,0000,管理，補助的経済活動を行う事業所（85社会保険・社会福祉・介護事業）
P,85,850,8500,主として管理事務を行う本社等
P,85,850,8509,その他の管理，補助的経済活動を行う事業所
P,85,851,0000,社会保険事業団体
P,85,851,8511,社会保険事業団体
P,85,852,0000,福祉事務所
P,85,852,8521,福祉事務所
P,85,853,0000,児童福祉事業
P,85,853,8531,保育所
P,85,853,8539,その他の児童福祉事業
P,85,854,0000,老人福祉・介護事業
P,85,854,8541,特別養護老人ホーム
P,85,854,8542,介護老人保健施設
P,85,854,8543,通所・短期入所介護事業
P,85,854,8544,訪問介護事業
P,85,854,8545,認知症老人グループホーム
P,85,854,8546,有料老人ホーム
P,85,854,8549,その他の老人福祉・介護事業
P,85,855,0000,障害者福祉事業
P,85,855,8551,居住支援事業
P,85,855,8559,その他の障害者福祉事業
P,85,859,0000,その他の社会保険・社会福祉・介護事業
P,85,859,8591,更生保護事業
P,85,859,8599,他に分類されない社会保険・社会福祉・介護事業
Q,00,000,0000,複合サービス事業
Q,86,000,0000,郵便局
Q,86,860,0000,管理，補助的経済活動を行う事業所（86郵便局）
Q,86,860,8601,管理，補助的経済活動を行う事業所
Q,86,861,0000,郵便局
Q,86,861,8611,郵便局
Q,86,862,0000,郵便局受託業
Q,86,862,8621,簡易郵便局
Q,86,862,8629,その他の郵便局受託業
Q,87,000,0000,協同組合（他に分類されないもの）
Q,87,870,0000,管理，補助的経済活動を行う事業所（87協同組合）
Q,87,870,8701,管理，補助的経済活動を行う事業所
Q,87,871,0000,農林水産業協同組合（他に分類されないもの）
Q,87,871,8711,農業協同組合（他に分類されないもの）
Q,87,871,8712,漁業協同組合（他に分類されないもの）
Q,87,871,8713,水産加工業協同組合（他に分類されないもの）
Q,87,871,8714,森林組合（他に分類されないもの）
Q,87,872,0000,事業協同組合（他に分類されないもの）
Q,87,872,8721,事業協同組合（他に分類されないもの）
R,00,000,0000,サービス業（他に分類されないもの）
R,88,000,0000,廃棄物処理業
R,88,880,0000,管理，補助的経済活動を行う事業所（88廃棄物処理業）
R,88,880,8800,主として管理事務を行う本社等
R,88,880,8809,その他の管理，補助的経済活動を行う事業所
R,88,881,0000,一般廃棄物処理業
R,88,881,8811,し尿収集運搬業
R,88,881,8812,し尿処分業
R,88,881,8813,浄化槽清掃業
R,88,881,8814,浄化槽保守点検業
R,88,881,8815,ごみ収集運搬業
R,88,881,8816,ごみ処分業
R,88,881,8817,清掃事務所
R,88,882,0000,産業廃棄物処理業
R,88,882,8821,産業廃棄物収集運搬業
R,88,882,8822,産業廃棄物処分業
R,88,882,8823,特別管理産業廃棄物収集運搬業
R,88,882,8824,特別管理産業廃棄物処分業
R,88,889,0000,その他の廃棄物処理業
R,88,889,8891,死亡獣畜取扱業
R,88,889,8899,他に分類されない廃棄物処理業
R,89,000,0000,自動車整備業
R,89,890,0000,管理，補助的経済活動を行う事業所（89自動車整備業）
R,89,890,8901,管理，補助的経済活動を行う事業所
R,89,891,0000,自動車整備業
R,89,891,8911,自動車一般整備業
R,89,891,8919,その他の自動車整備業
R,90,000,0000,機械等修理業（別掲を除く）
R,90,900,0000,管理，補助的経済活動を行う事業所（90機械等修理業）
R,90,900,9000,主として管理事務を行う本社等
R,90,900,9009,その他の管理，補助的経済活動を行う事業所
R,90,901,0000,機械修理業（電気機械器具を除く）
R,90,901,9011,一般機械修理業（建設・鉱山機械を除く）
R,90,901,9012,建設・鉱山機械整備業
R,90,902,0000,電気機械器具修理業
R,90,902,9021,電気機械器具修理業
R,90,903,0000,表具業
R,90,903,9031,表具業
R,90,909,0000,その他の修理業
R,90,909,9091,家具修理業
R,90,909,9092,時計修理業
R,90,909,9093,履物修理業
R,90,909,9094,かじ業
R,90,909,9099,他に分類されない修理業
R,91,000,0000,職業紹介・労働者派遣業
R,91,910,0000,管理，補助的経済活動を行う事業所（91職業紹介・労働者派遣業）
R,91,910,9100,主として管理事務を行う本社等
R,91,910,9109,その他の管理，補助的経済活動を行う事業所
R,91,911,0000,職業紹介業
R,91,911,9111,職業紹介業
R,91,912,0000,労働者派遣業
R,91,912,9121,労働者派遣業
R,92,000,0000,その他の事業サービス業
R,92,920,0000,管理，補助的経済活動を行う事業所（92その他の事業サービス業）
R,92,920,9200,主として管理事務を行う本社等
R,92,920,9209,その他の管理，補助的経済活動を行う事業所
R,92,921,0000,速記・ワープロ入力・複写業
R,92,921,9211,速記・ワープロ入力業
R,92,921,9212,複写業
R,92,922,0000,建物サービス業
R,92,922,9221,ビルメンテナンス業
R,92,922,9229,その他の建物サービス業
R,92,923,0000,警備業
R,92,923,9231,警備業
R,92,929,0000,他に分類されない事業サービス業
R,92,929,9291,ディスプレイ業
R,92,929,9292,産業用設備洗浄業
R,92,929,9293,看板書き業
R,92,929,9294,コールセンター業
R,92,929,9299,他に分類されないその他の事業サービス業
R,93,000,0000,政治・経済・文化団体
R,93,931,0000,経済団体
R,93,931,9311,実業団体
R,93,931,9312,同業団体
R,93,932,0000,労働団体
R,93,932,9321,労働団体
R,93,933,0000,学術・文化団体
R,93,933,9331,学術団体
R,93,933,9332,文化団体
R,93,934,0000,政治団体
R,93,934,9341,政治団体
R,93,939,0000,他に分類されない非営利的団体
R,93,939,9399,他に分類されない非営利的団体
R,94,000,0000,宗教
R,94,941,0000,神道系宗教
R,94,941,9411,神社，神道教会
R,94,941,9412,教派事務所
R,94,942,0000,仏教系宗教
R,94,942,9421,寺院，仏教教会
R,94,942,9422,宗派事務所
R,94,943,0000,キリスト教系宗教
R,94,943,9431,キリスト教教会，修道院
R,94,943,9432,教団事務所
R,94,949,0000,その他の宗教
R,94,949,9491,その他の宗教の教会
R,94,949,9499,その他の宗教の教団事務所
R,95,000,0000,その他のサービス業
R,95,950,0000,管理，補助的経済活動を行う事業所（95その他のサービス業）
R,95,950,9501,管理，補助的経済活動を行う事業所
R,95,951,0000,集会場
R,95,951,9511,集会場
R,95,952,0000,と畜場
R,95,952,9521,と畜場
R,95,959,0000,他に分類されないサービス業
R,95,959,9599,他に分類されないサービス業
R,96,000,0000,外国公務
R,96,961,0000,外国公館
R,96,961,9611,外国公館
R,96,969,0000,その他の外国公務
R,96,969,9699,その他の外国公務
S,00,000,0000,公務（他に分類されるものを除く）
S,97,000,0000,国家公務
S,97,971,0000,立法機関
S,97,971,9711,立法機関
S,97,972,0000,司法機関
S,97,972,9721,司法機関
S,97,973,0000,行政機関
S,97,973,9731,行政機関
S,98,000,0000,地方公務
S,98,981,0000,都道府県機関
S,98,981,9811,都道府県機関
S,98,982,0000,市町村機関
S,98,982,9821,市町村機関
T,00,000,0000,分類不能の産業
T,99,000,0000,分類不能の産業
T,99,999,0000,分類不能の産業
T,99,999,9999,分類不能の産業
